INSERT INTO ACTORS (ACTOR_ID, ACTOR_NAME) VALUES (1, 'Adam Baldwin');
INSERT INTO ACTORS (ACTOR_ID, ACTOR_NAME) VALUES (2, 'Adrian Pasdar');
INSERT INTO ACTORS (ACTOR_ID, ACTOR_NAME) VALUES (3, 'Adrienne Corri');
INSERT INTO ACTORS (ACTOR_ID, ACTOR_NAME) VALUES (4, 'Adrienne King');
INSERT INTO ACTORS (ACTOR_ID, ACTOR_NAME) VALUES (5, 'Alec Baldwin');
INSERT INTO ACTORS (ACTOR_ID, ACTOR_NAME) VALUES (6, 'Alec Guinness');
INSERT INTO ACTORS (ACTOR_ID, ACTOR_NAME) VALUES (7, 'Alfre Woodard');
INSERT INTO ACTORS (ACTOR_ID, ACTOR_NAME) VALUES (8, 'Alice Krige');
INSERT INTO ACTORS (ACTOR_ID, ACTOR_NAME) VALUES (9, 'Amy Irving');
INSERT INTO ACTORS (ACTOR_ID, ACTOR_NAME) VALUES (10, 'Angela Bassett');
INSERT INTO ACTORS (ACTOR_ID, ACTOR_NAME) VALUES (11, 'Anna Katerina');
INSERT INTO ACTORS (ACTOR_ID, ACTOR_NAME) VALUES (12, 'Anne Bancroft');
INSERT INTO ACTORS (ACTOR_ID, ACTOR_NAME) VALUES (13, 'Anthony Daniels');
INSERT INTO ACTORS (ACTOR_ID, ACTOR_NAME) VALUES (14, 'Anthony Edwards');
INSERT INTO ACTORS (ACTOR_ID, ACTOR_NAME) VALUES (15, 'Anthony Hopkins');
INSERT INTO ACTORS (ACTOR_ID, ACTOR_NAME) VALUES (16, 'Anthony Perkins');
INSERT INTO ACTORS (ACTOR_ID, ACTOR_NAME) VALUES (17, 'Antonio Fargas');
INSERT INTO ACTORS (ACTOR_ID, ACTOR_NAME) VALUES (18, 'Arliss Howard');
INSERT INTO ACTORS (ACTOR_ID, ACTOR_NAME) VALUES (19, 'Aubrey Morris');
INSERT INTO ACTORS (ACTOR_ID, ACTOR_NAME) VALUES (20, 'Barbara O`Neil');
INSERT INTO ACTORS (ACTOR_ID, ACTOR_NAME) VALUES (21, 'Barnard Hughes');
INSERT INTO ACTORS (ACTOR_ID, ACTOR_NAME) VALUES (22, 'Barry Tubb');
INSERT INTO ACTORS (ACTOR_ID, ACTOR_NAME) VALUES (23, 'Bebe Neuwirth');
INSERT INTO ACTORS (ACTOR_ID, ACTOR_NAME) VALUES (24, 'Bee Duffell');
INSERT INTO ACTORS (ACTOR_ID, ACTOR_NAME) VALUES (25, 'Ben Affleck');
INSERT INTO ACTORS (ACTOR_ID, ACTOR_NAME) VALUES (26, 'Benicio Del Toro');
INSERT INTO ACTORS (ACTOR_ID, ACTOR_NAME) VALUES (27, 'Bernard Hill');
INSERT INTO ACTORS (ACTOR_ID, ACTOR_NAME) VALUES (28, 'Betsy Palmer');
INSERT INTO ACTORS (ACTOR_ID, ACTOR_NAME) VALUES (29, 'Betty Buckley');
INSERT INTO ACTORS (ACTOR_ID, ACTOR_NAME) VALUES (30, 'Bill Duke');
INSERT INTO ACTORS (ACTOR_ID, ACTOR_NAME) VALUES (31, 'Bill Murray');
INSERT INTO ACTORS (ACTOR_ID, ACTOR_NAME) VALUES (32, 'Bill Pullman');
INSERT INTO ACTORS (ACTOR_ID, ACTOR_NAME) VALUES (33, 'Billy Zane');
INSERT INTO ACTORS (ACTOR_ID, ACTOR_NAME) VALUES (34, 'Bob Gunton');
INSERT INTO ACTORS (ACTOR_ID, ACTOR_NAME) VALUES (35, 'Bokeem Woodbine');
INSERT INTO ACTORS (ACTOR_ID, ACTOR_NAME) VALUES (36, 'Brad Dourif');
INSERT INTO ACTORS (ACTOR_ID, ACTOR_NAME) VALUES (37, 'Brad Pitt');
INSERT INTO ACTORS (ACTOR_ID, ACTOR_NAME) VALUES (38, 'Brent Spiner');
INSERT INTO ACTORS (ACTOR_ID, ACTOR_NAME) VALUES (39, 'Brooke Smith');
INSERT INTO ACTORS (ACTOR_ID, ACTOR_NAME) VALUES (40, 'Bruce Boxleitner');
INSERT INTO ACTORS (ACTOR_ID, ACTOR_NAME) VALUES (41, 'Cab Colloway');
INSERT INTO ACTORS (ACTOR_ID, ACTOR_NAME) VALUES (42, 'Carl Duering');
INSERT INTO ACTORS (ACTOR_ID, ACTOR_NAME) VALUES (43, 'Carol Cleveland');
INSERT INTO ACTORS (ACTOR_ID, ACTOR_NAME) VALUES (44, 'Carol Speed');
INSERT INTO ACTORS (ACTOR_ID, ACTOR_NAME) VALUES (45, 'Caroline Goodall');
INSERT INTO ACTORS (ACTOR_ID, ACTOR_NAME) VALUES (46, 'Carrie Fisher');
INSERT INTO ACTORS (ACTOR_ID, ACTOR_NAME) VALUES (47, 'Casey Affleck');
INSERT INTO ACTORS (ACTOR_ID, ACTOR_NAME) VALUES (48, 'Catherine McCormack');
INSERT INTO ACTORS (ACTOR_ID, ACTOR_NAME) VALUES (49, 'Charles Rocket');
INSERT INTO ACTORS (ACTOR_ID, ACTOR_NAME) VALUES (50, 'Charles S. Dutton');
INSERT INTO ACTORS (ACTOR_ID, ACTOR_NAME) VALUES (51, 'Chazz Palminteri');
INSERT INTO ACTORS (ACTOR_ID, ACTOR_NAME) VALUES (52, 'Cherie Lunghi');
INSERT INTO ACTORS (ACTOR_ID, ACTOR_NAME) VALUES (53, 'Chevy Chase');
INSERT INTO ACTORS (ACTOR_ID, ACTOR_NAME) VALUES (54, 'Cindy Morgan');
INSERT INTO ACTORS (ACTOR_ID, ACTOR_NAME) VALUES (55, 'Claire Forlani');
INSERT INTO ACTORS (ACTOR_ID, ACTOR_NAME) VALUES (56, 'Clark Gable');
INSERT INTO ACTORS (ACTOR_ID, ACTOR_NAME) VALUES (57, 'Cole Hauser');
INSERT INTO ACTORS (ACTOR_ID, ACTOR_NAME) VALUES (58, 'Connie Booth');
INSERT INTO ACTORS (ACTOR_ID, ACTOR_NAME) VALUES (59, 'Courtney Cox');
INSERT INTO ACTORS (ACTOR_ID, ACTOR_NAME) VALUES (60, 'Craig T. Nelson');
INSERT INTO ACTORS (ACTOR_ID, ACTOR_NAME) VALUES (61, 'Dale Midkiff');
INSERT INTO ACTORS (ACTOR_ID, ACTOR_NAME) VALUES (62, 'Dan Aykroyd');
INSERT INTO ACTORS (ACTOR_ID, ACTOR_NAME) VALUES (63, 'Dan Shor');
INSERT INTO ACTORS (ACTOR_ID, ACTOR_NAME) VALUES (64, 'Danny Nucci');
INSERT INTO ACTORS (ACTOR_ID, ACTOR_NAME) VALUES (65, 'David Arquette');
INSERT INTO ACTORS (ACTOR_ID, ACTOR_NAME) VALUES (66, 'David Morse');
INSERT INTO ACTORS (ACTOR_ID, ACTOR_NAME) VALUES (67, 'David Patrick Kelly');
INSERT INTO ACTORS (ACTOR_ID, ACTOR_NAME) VALUES (68, 'David Strathairn');
INSERT INTO ACTORS (ACTOR_ID, ACTOR_NAME) VALUES (69, 'David Warner');
INSERT INTO ACTORS (ACTOR_ID, ACTOR_NAME) VALUES (70, 'Dean Stockwell');
INSERT INTO ACTORS (ACTOR_ID, ACTOR_NAME) VALUES (71, 'Deborah Kara Unger');
INSERT INTO ACTORS (ACTOR_ID, ACTOR_NAME) VALUES (72, 'Delroy Lindo');
INSERT INTO ACTORS (ACTOR_ID, ACTOR_NAME) VALUES (73, 'Demi Moore');
INSERT INTO ACTORS (ACTOR_ID, ACTOR_NAME) VALUES (74, 'Denise Crosby');
INSERT INTO ACTORS (ACTOR_ID, ACTOR_NAME) VALUES (75, 'Dennis Hopper');
INSERT INTO ACTORS (ACTOR_ID, ACTOR_NAME) VALUES (76, 'Dennis Miller');
INSERT INTO ACTORS (ACTOR_ID, ACTOR_NAME) VALUES (77, 'Diane Baker');
INSERT INTO ACTORS (ACTOR_ID, ACTOR_NAME) VALUES (78, 'Dominique Dunne');
INSERT INTO ACTORS (ACTOR_ID, ACTOR_NAME) VALUES (79, 'Donald Sutherland');
INSERT INTO ACTORS (ACTOR_ID, ACTOR_NAME) VALUES (80, 'Dorian Harewood');
INSERT INTO ACTORS (ACTOR_ID, ACTOR_NAME) VALUES (81, 'Drew Barrymore');
INSERT INTO ACTORS (ACTOR_ID, ACTOR_NAME) VALUES (82, 'Ed Harris');
INSERT INTO ACTORS (ACTOR_ID, ACTOR_NAME) VALUES (83, 'Ed O`Ross');
INSERT INTO ACTORS (ACTOR_ID, ACTOR_NAME) VALUES (84, 'Eddie Murphy');
INSERT INTO ACTORS (ACTOR_ID, ACTOR_NAME) VALUES (85, 'Elizabeth Hurley');
INSERT INTO ACTORS (ACTOR_ID, ACTOR_NAME) VALUES (86, 'Fabiana Udenio');
INSERT INTO ACTORS (ACTOR_ID, ACTOR_NAME) VALUES (87, 'Frances Fisher');
INSERT INTO ACTORS (ACTOR_ID, ACTOR_NAME) VALUES (88, 'Frances Lee McCain');
INSERT INTO ACTORS (ACTOR_ID, ACTOR_NAME) VALUES (89, 'Frances Sternhagen');
INSERT INTO ACTORS (ACTOR_ID, ACTOR_NAME) VALUES (90, 'Fred Gwyne');
INSERT INTO ACTORS (ACTOR_ID, ACTOR_NAME) VALUES (91, 'Frederic Forrest');
INSERT INTO ACTORS (ACTOR_ID, ACTOR_NAME) VALUES (92, 'Gabriel Byrne');
INSERT INTO ACTORS (ACTOR_ID, ACTOR_NAME) VALUES (93, 'Gary Busey');
INSERT INTO ACTORS (ACTOR_ID, ACTOR_NAME) VALUES (94, 'Gary Sinise');
INSERT INTO ACTORS (ACTOR_ID, ACTOR_NAME) VALUES (95, 'Gates McFadden');
INSERT INTO ACTORS (ACTOR_ID, ACTOR_NAME) VALUES (96, 'Geoffrey Blake');
INSERT INTO ACTORS (ACTOR_ID, ACTOR_NAME) VALUES (97, 'George C. Scott');
INSERT INTO ACTORS (ACTOR_ID, ACTOR_NAME) VALUES (98, 'George Carlin');
INSERT INTO ACTORS (ACTOR_ID, ACTOR_NAME) VALUES (99, 'Gil Bellows');
INSERT INTO ACTORS (ACTOR_ID, ACTOR_NAME) VALUES (100, 'Graham Chapman');
INSERT INTO ACTORS (ACTOR_ID, ACTOR_NAME) VALUES (101, 'Gwyneth Paltrow');
INSERT INTO ACTORS (ACTOR_ID, ACTOR_NAME) VALUES (102, 'Harrison Ford');
INSERT INTO ACTORS (ACTOR_ID, ACTOR_NAME) VALUES (103, 'Harry Connick Jr.');
INSERT INTO ACTORS (ACTOR_ID, ACTOR_NAME) VALUES (104, 'Harry Dean Stanton');
INSERT INTO ACTORS (ACTOR_ID, ACTOR_NAME) VALUES (105, 'Harvey Fierstein');
INSERT INTO ACTORS (ACTOR_ID, ACTOR_NAME) VALUES (106, 'Hattie McDaniel');
INSERT INTO ACTORS (ACTOR_ID, ACTOR_NAME) VALUES (107, 'Heather O`Rourke');
INSERT INTO ACTORS (ACTOR_ID, ACTOR_NAME) VALUES (108, 'Helen Mirren');
INSERT INTO ACTORS (ACTOR_ID, ACTOR_NAME) VALUES (109, 'Henry Gibson');
INSERT INTO ACTORS (ACTOR_ID, ACTOR_NAME) VALUES (110, 'Henry Winkler');
INSERT INTO ACTORS (ACTOR_ID, ACTOR_NAME) VALUES (111, 'Holly Hunter');
INSERT INTO ACTORS (ACTOR_ID, ACTOR_NAME) VALUES (112, 'Ian Holm');
INSERT INTO ACTORS (ACTOR_ID, ACTOR_NAME) VALUES (113, 'Irma Hall');
INSERT INTO ACTORS (ACTOR_ID, ACTOR_NAME) VALUES (114, 'Irwin Corey');
INSERT INTO ACTORS (ACTOR_ID, ACTOR_NAME) VALUES (115, 'Isabelle Adjani');
INSERT INTO ACTORS (ACTOR_ID, ACTOR_NAME) VALUES (116, 'Ivan Dixon');
INSERT INTO ACTORS (ACTOR_ID, ACTOR_NAME) VALUES (117, 'Jack Nance');
INSERT INTO ACTORS (ACTOR_ID, ACTOR_NAME) VALUES (118, 'Jada Pinkett-Smith');
INSERT INTO ACTORS (ACTOR_ID, ACTOR_NAME) VALUES (119, 'Jamal Mixon');
INSERT INTO ACTORS (ACTOR_ID, ACTOR_NAME) VALUES (120, 'James Brown');
INSERT INTO ACTORS (ACTOR_ID, ACTOR_NAME) VALUES (121, 'James Caan');
INSERT INTO ACTORS (ACTOR_ID, ACTOR_NAME) VALUES (122, 'James Coburn');
INSERT INTO ACTORS (ACTOR_ID, ACTOR_NAME) VALUES (123, 'James Cromwell');
INSERT INTO ACTORS (ACTOR_ID, ACTOR_NAME) VALUES (124, 'James Earl Jones');
INSERT INTO ACTORS (ACTOR_ID, ACTOR_NAME) VALUES (125, 'James Marcus');
INSERT INTO ACTORS (ACTOR_ID, ACTOR_NAME) VALUES (126, 'James Rebhorn');
INSERT INTO ACTORS (ACTOR_ID, ACTOR_NAME) VALUES (127, 'James Tolkan');
INSERT INTO ACTORS (ACTOR_ID, ACTOR_NAME) VALUES (128, 'James Whitmore');
INSERT INTO ACTORS (ACTOR_ID, ACTOR_NAME) VALUES (129, 'James Woods');
INSERT INTO ACTORS (ACTOR_ID, ACTOR_NAME) VALUES (130, 'Janet Jackson');
INSERT INTO ACTORS (ACTOR_ID, ACTOR_NAME) VALUES (131, 'Janet Leigh');
INSERT INTO ACTORS (ACTOR_ID, ACTOR_NAME) VALUES (132, 'Jason (sh...sh...sh)');
INSERT INTO ACTORS (ACTOR_ID, ACTOR_NAME) VALUES (133, 'Jeanne Tripplehorn');
INSERT INTO ACTORS (ACTOR_ID, ACTOR_NAME) VALUES (134, 'Jeff Bridges');
INSERT INTO ACTORS (ACTOR_ID, ACTOR_NAME) VALUES (135, 'Jeff Daniels');
INSERT INTO ACTORS (ACTOR_ID, ACTOR_NAME) VALUES (136, 'Jeff Goldblum');
INSERT INTO ACTORS (ACTOR_ID, ACTOR_NAME) VALUES (137, 'Jena Malone');
INSERT INTO ACTORS (ACTOR_ID, ACTOR_NAME) VALUES (138, 'Jennifer Runyon');
INSERT INTO ACTORS (ACTOR_ID, ACTOR_NAME) VALUES (139, 'Jerry Jones');
INSERT INTO ACTORS (ACTOR_ID, ACTOR_NAME) VALUES (140, 'Jim Carrey');
INSERT INTO ACTORS (ACTOR_ID, ACTOR_NAME) VALUES (141, 'Jimmy Lynch');
INSERT INTO ACTORS (ACTOR_ID, ACTOR_NAME) VALUES (142, 'JoBeth Williams');
INSERT INTO ACTORS (ACTOR_ID, ACTOR_NAME) VALUES (143, 'Jodie Foster');
INSERT INTO ACTORS (ACTOR_ID, ACTOR_NAME) VALUES (144, 'Joe Pantoliano');
INSERT INTO ACTORS (ACTOR_ID, ACTOR_NAME) VALUES (145, 'Joe Torry');
INSERT INTO ACTORS (ACTOR_ID, ACTOR_NAME) VALUES (146, 'John Ales');
INSERT INTO ACTORS (ACTOR_ID, ACTOR_NAME) VALUES (147, 'John Belushi');
INSERT INTO ACTORS (ACTOR_ID, ACTOR_NAME) VALUES (148, 'John C. McGinley');
INSERT INTO ACTORS (ACTOR_ID, ACTOR_NAME) VALUES (149, 'John Clive');
INSERT INTO ACTORS (ACTOR_ID, ACTOR_NAME) VALUES (150, 'John Gavin');
INSERT INTO ACTORS (ACTOR_ID, ACTOR_NAME) VALUES (151, 'John Hurt');
INSERT INTO ACTORS (ACTOR_ID, ACTOR_NAME) VALUES (152, 'John McIntire');
INSERT INTO ACTORS (ACTOR_ID, ACTOR_NAME) VALUES (153, 'John Mighton');
INSERT INTO ACTORS (ACTOR_ID, ACTOR_NAME) VALUES (154, 'John Stockwell');
INSERT INTO ACTORS (ACTOR_ID, ACTOR_NAME) VALUES (155, 'John Travolta');
INSERT INTO ACTORS (ACTOR_ID, ACTOR_NAME) VALUES (156, 'John Young');
INSERT INTO ACTORS (ACTOR_ID, ACTOR_NAME) VALUES (157, 'Joie Lee');
INSERT INTO ACTORS (ACTOR_ID, ACTOR_NAME) VALUES (158, 'Jonathan Hyde');
INSERT INTO ACTORS (ACTOR_ID, ACTOR_NAME) VALUES (159, 'José Ferrer');
INSERT INTO ACTORS (ACTOR_ID, ACTOR_NAME) VALUES (160, 'Jose Zuniga');
INSERT INTO ACTORS (ACTOR_ID, ACTOR_NAME) VALUES (161, 'Joseph Whipp');
INSERT INTO ACTORS (ACTOR_ID, ACTOR_NAME) VALUES (162, 'Joser Sommer');
INSERT INTO ACTORS (ACTOR_ID, ACTOR_NAME) VALUES (163, 'Judd Hirsch');
INSERT INTO ACTORS (ACTOR_ID, ACTOR_NAME) VALUES (164, 'Karen Duffy');
INSERT INTO ACTORS (ACTOR_ID, ACTOR_NAME) VALUES (165, 'Kasi Lemmons');
INSERT INTO ACTORS (ACTOR_ID, ACTOR_NAME) VALUES (166, 'Kate Winslet');
INSERT INTO ACTORS (ACTOR_ID, ACTOR_NAME) VALUES (167, 'Kathleen Freeman');
INSERT INTO ACTORS (ACTOR_ID, ACTOR_NAME) VALUES (168, 'Kathy Bates');
INSERT INTO ACTORS (ACTOR_ID, ACTOR_NAME) VALUES (169, 'Kelly McGillis');
INSERT INTO ACTORS (ACTOR_ID, ACTOR_NAME) VALUES (170, 'Kenneth McMillan');
INSERT INTO ACTORS (ACTOR_ID, ACTOR_NAME) VALUES (171, 'Kevin Bacon');
INSERT INTO ACTORS (ACTOR_ID, ACTOR_NAME) VALUES (172, 'Kevin Pollak');
INSERT INTO ACTORS (ACTOR_ID, ACTOR_NAME) VALUES (173, 'Kevin Spacey');
INSERT INTO ACTORS (ACTOR_ID, ACTOR_NAME) VALUES (174, 'Kevyn Major Howard');
INSERT INTO ACTORS (ACTOR_ID, ACTOR_NAME) VALUES (175, 'Kyle MacLachlan');
INSERT INTO ACTORS (ACTOR_ID, ACTOR_NAME) VALUES (176, 'Lady Reed');
INSERT INTO ACTORS (ACTOR_ID, ACTOR_NAME) VALUES (177, 'Laura Dern');
INSERT INTO ACTORS (ACTOR_ID, ACTOR_NAME) VALUES (178, 'Lauren Bacall');
INSERT INTO ACTORS (ACTOR_ID, ACTOR_NAME) VALUES (179, 'Lauren Holly');
INSERT INTO ACTORS (ACTOR_ID, ACTOR_NAME) VALUES (180, 'Laurence Fishburne');
INSERT INTO ACTORS (ACTOR_ID, ACTOR_NAME) VALUES (181, 'Leonardo Di Caprio');
INSERT INTO ACTORS (ACTOR_ID, ACTOR_NAME) VALUES (182, 'Leslie Howard');
INSERT INTO ACTORS (ACTOR_ID, ACTOR_NAME) VALUES (183, 'LeVar Burton');
INSERT INTO ACTORS (ACTOR_ID, ACTOR_NAME) VALUES (184, 'Liam Neeson');
INSERT INTO ACTORS (ACTOR_ID, ACTOR_NAME) VALUES (185, 'Liev Screiber');
INSERT INTO ACTORS (ACTOR_ID, ACTOR_NAME) VALUES (186, 'Lili Taylor');
INSERT INTO ACTORS (ACTOR_ID, ACTOR_NAME) VALUES (187, 'Linda Blair');
INSERT INTO ACTORS (ACTOR_ID, ACTOR_NAME) VALUES (188, 'Linda Hunt');
INSERT INTO ACTORS (ACTOR_ID, ACTOR_NAME) VALUES (189, 'Lisa Boyle');
INSERT INTO ACTORS (ACTOR_ID, ACTOR_NAME) VALUES (190, 'Lori Singer');
INSERT INTO ACTORS (ACTOR_ID, ACTOR_NAME) VALUES (191, 'Malcolm McDowell');
INSERT INTO ACTORS (ACTOR_ID, ACTOR_NAME) VALUES (192, 'Mara Wilson');
INSERT INTO ACTORS (ACTOR_ID, ACTOR_NAME) VALUES (193, 'Margaret Colin');
INSERT INTO ACTORS (ACTOR_ID, ACTOR_NAME) VALUES (194, 'Mark Hamill');
INSERT INTO ACTORS (ACTOR_ID, ACTOR_NAME) VALUES (195, 'Marlon Brando');
INSERT INTO ACTORS (ACTOR_ID, ACTOR_NAME) VALUES (196, 'Martin Balsam');
INSERT INTO ACTORS (ACTOR_ID, ACTOR_NAME) VALUES (197, 'Martin Lawrence');
INSERT INTO ACTORS (ACTOR_ID, ACTOR_NAME) VALUES (198, 'Martin Sheen');
INSERT INTO ACTORS (ACTOR_ID, ACTOR_NAME) VALUES (199, 'Mary McDonnell');
INSERT INTO ACTORS (ACTOR_ID, ACTOR_NAME) VALUES (200, 'Matt Damon');
INSERT INTO ACTORS (ACTOR_ID, ACTOR_NAME) VALUES (201, 'Matthew Lillard');
INSERT INTO ACTORS (ACTOR_ID, ACTOR_NAME) VALUES (202, 'Matthew McConaughey');
INSERT INTO ACTORS (ACTOR_ID, ACTOR_NAME) VALUES (203, 'Matthew Modine');
INSERT INTO ACTORS (ACTOR_ID, ACTOR_NAME) VALUES (204, 'Meg Ryan');
INSERT INTO ACTORS (ACTOR_ID, ACTOR_NAME) VALUES (205, 'Mel Gibson');
INSERT INTO ACTORS (ACTOR_ID, ACTOR_NAME) VALUES (206, 'Melanie Mayron');
INSERT INTO ACTORS (ACTOR_ID, ACTOR_NAME) VALUES (207, 'Michael Bates');
INSERT INTO ACTORS (ACTOR_ID, ACTOR_NAME) VALUES (208, 'Michael Beach');
INSERT INTO ACTORS (ACTOR_ID, ACTOR_NAME) VALUES (209, 'Michael Biehn');
INSERT INTO ACTORS (ACTOR_ID, ACTOR_NAME) VALUES (210, 'Michael Dorn');
INSERT INTO ACTORS (ACTOR_ID, ACTOR_NAME) VALUES (211, 'Michael Douglas');
INSERT INTO ACTORS (ACTOR_ID, ACTOR_NAME) VALUES (212, 'Michael Ironside');
INSERT INTO ACTORS (ACTOR_ID, ACTOR_NAME) VALUES (213, 'Michael O`Keefe');
INSERT INTO ACTORS (ACTOR_ID, ACTOR_NAME) VALUES (214, 'Michael York');
INSERT INTO ACTORS (ACTOR_ID, ACTOR_NAME) VALUES (215, 'Mike Myers');
INSERT INTO ACTORS (ACTOR_ID, ACTOR_NAME) VALUES (216, 'Mike Starr');
INSERT INTO ACTORS (ACTOR_ID, ACTOR_NAME) VALUES (217, 'Miko Hughes');
INSERT INTO ACTORS (ACTOR_ID, ACTOR_NAME) VALUES (218, 'Mimi Rogers');
INSERT INTO ACTORS (ACTOR_ID, ACTOR_NAME) VALUES (219, 'Mindy Sterling');
INSERT INTO ACTORS (ACTOR_ID, ACTOR_NAME) VALUES (220, 'Minnie Driver');
INSERT INTO ACTORS (ACTOR_ID, ACTOR_NAME) VALUES (221, 'Monty Python');
INSERT INTO ACTORS (ACTOR_ID, ACTOR_NAME) VALUES (222, 'Morgan Freeman');
INSERT INTO ACTORS (ACTOR_ID, ACTOR_NAME) VALUES (223, 'Mykelti Williamson');
INSERT INTO ACTORS (ACTOR_ID, ACTOR_NAME) VALUES (224, 'Nancy Allen');
INSERT INTO ACTORS (ACTOR_ID, ACTOR_NAME) VALUES (225, 'Ned Beatty');
INSERT INTO ACTORS (ACTOR_ID, ACTOR_NAME) VALUES (226, 'Neve Campbell');
INSERT INTO ACTORS (ACTOR_ID, ACTOR_NAME) VALUES (227, 'Nia Long');
INSERT INTO ACTORS (ACTOR_ID, ACTOR_NAME) VALUES (228, 'Nicholas Clay');
INSERT INTO ACTORS (ACTOR_ID, ACTOR_NAME) VALUES (229, 'Nicol Williamson');
INSERT INTO ACTORS (ACTOR_ID, ACTOR_NAME) VALUES (230, 'Nicolas Cage');
INSERT INTO ACTORS (ACTOR_ID, ACTOR_NAME) VALUES (231, 'Nicole Kidman');
INSERT INTO ACTORS (ACTOR_ID, ACTOR_NAME) VALUES (232, 'Nigel Terry');
INSERT INTO ACTORS (ACTOR_ID, ACTOR_NAME) VALUES (233, 'Oliver Robbins');
INSERT INTO ACTORS (ACTOR_ID, ACTOR_NAME) VALUES (234, 'Olivia de Havilland');
INSERT INTO ACTORS (ACTOR_ID, ACTOR_NAME) VALUES (235, 'P. J. Soles');
INSERT INTO ACTORS (ACTOR_ID, ACTOR_NAME) VALUES (236, 'Pat Hingle');
INSERT INTO ACTORS (ACTOR_ID, ACTOR_NAME) VALUES (237, 'Patrick Magee');
INSERT INTO ACTORS (ACTOR_ID, ACTOR_NAME) VALUES (238, 'Patrick McGoohan');
INSERT INTO ACTORS (ACTOR_ID, ACTOR_NAME) VALUES (239, 'Patrick Stewart');
INSERT INTO ACTORS (ACTOR_ID, ACTOR_NAME) VALUES (240, 'Patrick Swayze');
INSERT INTO ACTORS (ACTOR_ID, ACTOR_NAME) VALUES (241, 'Patti Yasutake');
INSERT INTO ACTORS (ACTOR_ID, ACTOR_NAME) VALUES (242, 'Paul Dillon');
INSERT INTO ACTORS (ACTOR_ID, ACTOR_NAME) VALUES (243, 'Peter Donat');
INSERT INTO ACTORS (ACTOR_ID, ACTOR_NAME) VALUES (244, 'Peter Gallagher');
INSERT INTO ACTORS (ACTOR_ID, ACTOR_NAME) VALUES (245, 'Pierce Brosnan');
INSERT INTO ACTORS (ACTOR_ID, ACTOR_NAME) VALUES (246, 'Piper Laurie');
INSERT INTO ACTORS (ACTOR_ID, ACTOR_NAME) VALUES (247, 'R. Lee Erney');
INSERT INTO ACTORS (ACTOR_ID, ACTOR_NAME) VALUES (248, 'Randy Quaid');
INSERT INTO ACTORS (ACTOR_ID, ACTOR_NAME) VALUES (249, 'Ray Charles');
INSERT INTO ACTORS (ACTOR_ID, ACTOR_NAME) VALUES (250, 'Regina King');
INSERT INTO ACTORS (ACTOR_ID, ACTOR_NAME) VALUES (251, 'Richard Attenborough');
INSERT INTO ACTORS (ACTOR_ID, ACTOR_NAME) VALUES (252, 'Richard Brestoff');
INSERT INTO ACTORS (ACTOR_ID, ACTOR_NAME) VALUES (253, 'Richard Farnsworth');
INSERT INTO ACTORS (ACTOR_ID, ACTOR_NAME) VALUES (254, 'Richard Pryor');
INSERT INTO ACTORS (ACTOR_ID, ACTOR_NAME) VALUES (255, 'Rick Aviles');
INSERT INTO ACTORS (ACTOR_ID, ACTOR_NAME) VALUES (256, 'Rick Rossovich');
INSERT INTO ACTORS (ACTOR_ID, ACTOR_NAME) VALUES (257, 'Rob Lowe');
INSERT INTO ACTORS (ACTOR_ID, ACTOR_NAME) VALUES (258, 'Robert Duvall');
INSERT INTO ACTORS (ACTOR_ID, ACTOR_NAME) VALUES (259, 'Robert Loggia');
INSERT INTO ACTORS (ACTOR_ID, ACTOR_NAME) VALUES (260, 'Robert Prosky');
INSERT INTO ACTORS (ACTOR_ID, ACTOR_NAME) VALUES (261, 'Robert Wagner');
INSERT INTO ACTORS (ACTOR_ID, ACTOR_NAME) VALUES (262, 'Robin Williams');
INSERT INTO ACTORS (ACTOR_ID, ACTOR_NAME) VALUES (263, 'Robin Wright');
INSERT INTO ACTORS (ACTOR_ID, ACTOR_NAME) VALUES (264, 'Rodney Dangerfield');
INSERT INTO ACTORS (ACTOR_ID, ACTOR_NAME) VALUES (265, 'Roger Guenveur Smith');
INSERT INTO ACTORS (ACTOR_ID, ACTOR_NAME) VALUES (266, 'Rose McGowan');
INSERT INTO ACTORS (ACTOR_ID, ACTOR_NAME) VALUES (267, 'Rudy Ray Moore');
INSERT INTO ACTORS (ACTOR_ID, ACTOR_NAME) VALUES (268, 'RuPaul');
INSERT INTO ACTORS (ACTOR_ID, ACTOR_NAME) VALUES (269, 'Sally Field');
INSERT INTO ACTORS (ACTOR_ID, ACTOR_NAME) VALUES (270, 'Sam Bottoms');
INSERT INTO ACTORS (ACTOR_ID, ACTOR_NAME) VALUES (271, 'Sam Neill');
INSERT INTO ACTORS (ACTOR_ID, ACTOR_NAME) VALUES (272, 'Samuel L. Jackson');
INSERT INTO ACTORS (ACTOR_ID, ACTOR_NAME) VALUES (273, 'Scott Glenn');
INSERT INTO ACTORS (ACTOR_ID, ACTOR_NAME) VALUES (274, 'Sean Astin');
INSERT INTO ACTORS (ACTOR_ID, ACTOR_NAME) VALUES (275, 'Sean Connery');
INSERT INTO ACTORS (ACTOR_ID, ACTOR_NAME) VALUES (276, 'Sean Penn');
INSERT INTO ACTORS (ACTOR_ID, ACTOR_NAME) VALUES (277, 'Sean Young');
INSERT INTO ACTORS (ACTOR_ID, ACTOR_NAME) VALUES (278, 'Seth Green');
INSERT INTO ACTORS (ACTOR_ID, ACTOR_NAME) VALUES (279, 'Sharon Stone');
INSERT INTO ACTORS (ACTOR_ID, ACTOR_NAME) VALUES (280, 'Sigourney Weaver');
INSERT INTO ACTORS (ACTOR_ID, ACTOR_NAME) VALUES (281, 'Simon Oakland');
INSERT INTO ACTORS (ACTOR_ID, ACTOR_NAME) VALUES (282, 'Sissy Spacek');
INSERT INTO ACTORS (ACTOR_ID, ACTOR_NAME) VALUES (283, 'Skeet Ulrich');
INSERT INTO ACTORS (ACTOR_ID, ACTOR_NAME) VALUES (284, 'Sophie Marceau');
INSERT INTO ACTORS (ACTOR_ID, ACTOR_NAME) VALUES (285, 'Spike Lee');
INSERT INTO ACTORS (ACTOR_ID, ACTOR_NAME) VALUES (286, 'Stefan Gierasch');
INSERT INTO ACTORS (ACTOR_ID, ACTOR_NAME) VALUES (287, 'Stellan Skarsgard');
INSERT INTO ACTORS (ACTOR_ID, ACTOR_NAME) VALUES (288, 'Stephen Baldwin');
INSERT INTO ACTORS (ACTOR_ID, ACTOR_NAME) VALUES (289, 'Steven Spielberg');
INSERT INTO ACTORS (ACTOR_ID, ACTOR_NAME) VALUES (290, 'Sting');
INSERT INTO ACTORS (ACTOR_ID, ACTOR_NAME) VALUES (291, 'Sully Boyar');
INSERT INTO ACTORS (ACTOR_ID, ACTOR_NAME) VALUES (292, 'Sydney Lassick');
INSERT INTO ACTORS (ACTOR_ID, ACTOR_NAME) VALUES (293, 'Tchéky Karyo');
INSERT INTO ACTORS (ACTOR_ID, ACTOR_NAME) VALUES (294, 'Tea Leoni');
INSERT INTO ACTORS (ACTOR_ID, ACTOR_NAME) VALUES (295, 'Téa Leoni');
INSERT INTO ACTORS (ACTOR_ID, ACTOR_NAME) VALUES (296, 'Ted Knight');
INSERT INTO ACTORS (ACTOR_ID, ACTOR_NAME) VALUES (297, 'Ted Levine');
INSERT INTO ACTORS (ACTOR_ID, ACTOR_NAME) VALUES (298, 'Teri Garr');
INSERT INTO ACTORS (ACTOR_ID, ACTOR_NAME) VALUES (299, 'Terry Gilliam');
INSERT INTO ACTORS (ACTOR_ID, ACTOR_NAME) VALUES (300, 'Terry Jones');
INSERT INTO ACTORS (ACTOR_ID, ACTOR_NAME) VALUES (301, 'Theresa Randle');
INSERT INTO ACTORS (ACTOR_ID, ACTOR_NAME) VALUES (302, 'Thomas Mitchell');
INSERT INTO ACTORS (ACTOR_ID, ACTOR_NAME) VALUES (303, 'Tim Curry');
INSERT INTO ACTORS (ACTOR_ID, ACTOR_NAME) VALUES (304, 'Tim Robbins');
INSERT INTO ACTORS (ACTOR_ID, ACTOR_NAME) VALUES (305, 'Timothy Hutton');
INSERT INTO ACTORS (ACTOR_ID, ACTOR_NAME) VALUES (306, 'Tom Cruise');
INSERT INTO ACTORS (ACTOR_ID, ACTOR_NAME) VALUES (307, 'Tom Hanks');
INSERT INTO ACTORS (ACTOR_ID, ACTOR_NAME) VALUES (308, 'Tom Skerrit');
INSERT INTO ACTORS (ACTOR_ID, ACTOR_NAME) VALUES (309, 'Tom Skerritt');
INSERT INTO ACTORS (ACTOR_ID, ACTOR_NAME) VALUES (310, 'Tony Todd');
INSERT INTO ACTORS (ACTOR_ID, ACTOR_NAME) VALUES (311, 'Tracy Reed');
INSERT INTO ACTORS (ACTOR_ID, ACTOR_NAME) VALUES (312, 'Tupac Shakur');
INSERT INTO ACTORS (ACTOR_ID, ACTOR_NAME) VALUES (313, 'Tyra Ferrell');
INSERT INTO ACTORS (ACTOR_ID, ACTOR_NAME) VALUES (314, 'Val Kilmer');
INSERT INTO ACTORS (ACTOR_ID, ACTOR_NAME) VALUES (315, 'Vanessa Marcil');
INSERT INTO ACTORS (ACTOR_ID, ACTOR_NAME) VALUES (316, 'Vanessa Williams');
INSERT INTO ACTORS (ACTOR_ID, ACTOR_NAME) VALUES (317, 'Vaughn Taylor');
INSERT INTO ACTORS (ACTOR_ID, ACTOR_NAME) VALUES (318, 'Vera Miles');
INSERT INTO ACTORS (ACTOR_ID, ACTOR_NAME) VALUES (319, 'Veronica Cartwright');
INSERT INTO ACTORS (ACTOR_ID, ACTOR_NAME) VALUES (320, 'Vincent D`Onofrio');
INSERT INTO ACTORS (ACTOR_ID, ACTOR_NAME) VALUES (321, 'Vincent Schiavelli');
INSERT INTO ACTORS (ACTOR_ID, ACTOR_NAME) VALUES (322, 'Virginia Madsen');
INSERT INTO ACTORS (ACTOR_ID, ACTOR_NAME) VALUES (323, 'Vivica A. Fox');
INSERT INTO ACTORS (ACTOR_ID, ACTOR_NAME) VALUES (324, 'Vivica Fox');
INSERT INTO ACTORS (ACTOR_ID, ACTOR_NAME) VALUES (325, 'Vivien Leigh');
INSERT INTO ACTORS (ACTOR_ID, ACTOR_NAME) VALUES (326, 'Warren Clark');
INSERT INTO ACTORS (ACTOR_ID, ACTOR_NAME) VALUES (327, 'Whip Hubley');
INSERT INTO ACTORS (ACTOR_ID, ACTOR_NAME) VALUES (328, 'Whoopi Goldberg');
INSERT INTO ACTORS (ACTOR_ID, ACTOR_NAME) VALUES (329, 'Will Smith');
INSERT INTO ACTORS (ACTOR_ID, ACTOR_NAME) VALUES (330, 'William Fichtner');
INSERT INTO ACTORS (ACTOR_ID, ACTOR_NAME) VALUES (331, 'William Forsythe');
INSERT INTO ACTORS (ACTOR_ID, ACTOR_NAME) VALUES (332, 'William Katt');
INSERT INTO ACTORS (ACTOR_ID, ACTOR_NAME) VALUES (333, 'William Sadler');
INSERT INTO ACTORS (ACTOR_ID, ACTOR_NAME) VALUES (334, 'Xander Berkeley');
INSERT INTO ACTORS (ACTOR_ID, ACTOR_NAME) VALUES (335, 'Yaphet Kotto');
INSERT INTO ACTORS (ACTOR_ID, ACTOR_NAME) VALUES (336, 'Zelda Harris');
INSERT INTO ARTISTS (ARTIST_ID, ARTIST_NAME) VALUES (1, 'Backstreet Boys');
INSERT INTO ARTISTS (ARTIST_ID, ARTIST_NAME) VALUES (2, 'Beastie Boys');
INSERT INTO ARTISTS (ARTIST_ID, ARTIST_NAME) VALUES (3, 'Beethoven');
INSERT INTO ARTISTS (ARTIST_ID, ARTIST_NAME) VALUES (4, 'Blondie');
INSERT INTO ARTISTS (ARTIST_ID, ARTIST_NAME) VALUES (5, 'Bruce Springsteen');
INSERT INTO ARTISTS (ARTIST_ID, ARTIST_NAME) VALUES (6, 'Cher');
INSERT INTO ARTISTS (ARTIST_ID, ARTIST_NAME) VALUES (7, 'Clint Black');
INSERT INTO ARTISTS (ARTIST_ID, ARTIST_NAME) VALUES (8, 'De La Soul');
INSERT INTO ARTISTS (ARTIST_ID, ARTIST_NAME) VALUES (9, 'Dixie Chicks');
INSERT INTO ARTISTS (ARTIST_ID, ARTIST_NAME) VALUES (10, 'Dizzy Gillespie');
INSERT INTO ARTISTS (ARTIST_ID, ARTIST_NAME) VALUES (11, 'Eric Clapton');
INSERT INTO ARTISTS (ARTIST_ID, ARTIST_NAME) VALUES (12, 'George Strait');
INSERT INTO ARTISTS (ARTIST_ID, ARTIST_NAME) VALUES (13, 'Glenn Gould - Bach');
INSERT INTO ARTISTS (ARTIST_ID, ARTIST_NAME) VALUES (14, 'Jay-Z');
INSERT INTO ARTISTS (ARTIST_ID, ARTIST_NAME) VALUES (15, 'Jimmy Hendrix');
INSERT INTO ARTISTS (ARTIST_ID, ARTIST_NAME) VALUES (16, 'John Coltrane');
INSERT INTO ARTISTS (ARTIST_ID, ARTIST_NAME) VALUES (17, 'Kenny G');
INSERT INTO ARTISTS (ARTIST_ID, ARTIST_NAME) VALUES (18, 'L.L. Cool J');
INSERT INTO ARTISTS (ARTIST_ID, ARTIST_NAME) VALUES (19, 'Lauryn Hill');
INSERT INTO ARTISTS (ARTIST_ID, ARTIST_NAME) VALUES (20, 'Madonna');
INSERT INTO ARTISTS (ARTIST_ID, ARTIST_NAME) VALUES (21, 'Mahler');
INSERT INTO ARTISTS (ARTIST_ID, ARTIST_NAME) VALUES (22, 'Men At Work');
INSERT INTO ARTISTS (ARTIST_ID, ARTIST_NAME) VALUES (23, 'Michael Jackson');
INSERT INTO ARTISTS (ARTIST_ID, ARTIST_NAME) VALUES (24, 'Miles Davis');
INSERT INTO ARTISTS (ARTIST_ID, ARTIST_NAME) VALUES (25, 'Mozart');
INSERT INTO ARTISTS (ARTIST_ID, ARTIST_NAME) VALUES (26, 'Najee');
INSERT INTO ARTISTS (ARTIST_ID, ARTIST_NAME) VALUES (27, 'Nas');
INSERT INTO ARTISTS (ARTIST_ID, ARTIST_NAME) VALUES (28, 'Nine Inch Nails');
INSERT INTO ARTISTS (ARTIST_ID, ARTIST_NAME) VALUES (29, 'Offspring');
INSERT INTO ARTISTS (ARTIST_ID, ARTIST_NAME) VALUES (30, 'Pink Floyd');
INSERT INTO ARTISTS (ARTIST_ID, ARTIST_NAME) VALUES (31, 'Rage Against The Machine');
INSERT INTO ARTISTS (ARTIST_ID, ARTIST_NAME) VALUES (32, 'Rakim');
INSERT INTO ARTISTS (ARTIST_ID, ARTIST_NAME) VALUES (33, 'Rolling Stones');
INSERT INTO ARTISTS (ARTIST_ID, ARTIST_NAME) VALUES (34, 'Run DMC');
INSERT INTO ARTISTS (ARTIST_ID, ARTIST_NAME) VALUES (35, 'Shania Twain');
INSERT INTO ARTISTS (ARTIST_ID, ARTIST_NAME) VALUES (36, 'Spice Girls');
INSERT INTO ARTISTS (ARTIST_ID, ARTIST_NAME) VALUES (37, 'Tchaikovsky');
INSERT INTO ARTISTS (ARTIST_ID, ARTIST_NAME) VALUES (38, 'The Hollies');
INSERT INTO ARTISTS (ARTIST_ID, ARTIST_NAME) VALUES (39, 'The Judds');
INSERT INTO ARTISTS (ARTIST_ID, ARTIST_NAME) VALUES (40, 'Tribe Called Quest');
INSERT INTO ARTISTS (ARTIST_ID, ARTIST_NAME) VALUES (41, 'Wham');
INSERT INTO ARTISTS (ARTIST_ID, ARTIST_NAME) VALUES (42, 'Will Smith');
INSERT INTO ARTISTS (ARTIST_ID, ARTIST_NAME) VALUES (43, 'Willie Nelson');
INSERT INTO CATEGORIES (CATEGORY_ID, CATEGORY_NAME, CATEGORY_TYPE) VALUES (89, 'Suspense', 'Video');
INSERT INTO CATEGORIES (CATEGORY_ID, CATEGORY_NAME, CATEGORY_TYPE) VALUES (90, 'Science Fiction', 'Video');
INSERT INTO CATEGORIES (CATEGORY_ID, CATEGORY_NAME, CATEGORY_TYPE) VALUES (91, 'Horror', 'Video');
INSERT INTO CATEGORIES (CATEGORY_ID, CATEGORY_NAME, CATEGORY_TYPE) VALUES (92, 'Drama', 'Video');
INSERT INTO CATEGORIES (CATEGORY_ID, CATEGORY_NAME, CATEGORY_TYPE) VALUES (93, 'Comedy', 'Video');
INSERT INTO CATEGORIES (CATEGORY_ID, CATEGORY_NAME, CATEGORY_TYPE) VALUES (94, 'Action & Adventure', 'Video');
INSERT INTO CATEGORIES (CATEGORY_ID, CATEGORY_NAME, CATEGORY_TYPE) VALUES (95, 'Rock', 'Music');
INSERT INTO CATEGORIES (CATEGORY_ID, CATEGORY_NAME, CATEGORY_TYPE) VALUES (96, 'Pop', 'Music');
INSERT INTO CATEGORIES (CATEGORY_ID, CATEGORY_NAME, CATEGORY_TYPE) VALUES (97, 'Jazz', 'Music');
INSERT INTO CATEGORIES (CATEGORY_ID, CATEGORY_NAME, CATEGORY_TYPE) VALUES (98, 'Hip-Hop', 'Music');
INSERT INTO CATEGORIES (CATEGORY_ID, CATEGORY_NAME, CATEGORY_TYPE) VALUES (99, 'Country', 'Music');
INSERT INTO CATEGORIES (CATEGORY_ID, CATEGORY_NAME, CATEGORY_TYPE) VALUES (100, 'Classical', 'Music');
INSERT INTO DIRECTORS (DIRECTOR_ID, DIRECTOR_NAME) VALUES (1, 'Alfred Hitchcock');
INSERT INTO DIRECTORS (DIRECTOR_ID, DIRECTOR_NAME) VALUES (2, 'Barry Levinson');
INSERT INTO DIRECTORS (DIRECTOR_ID, DIRECTOR_NAME) VALUES (3, 'Bernard Rose');
INSERT INTO DIRECTORS (DIRECTOR_ID, DIRECTOR_NAME) VALUES (4, 'Brian De Palmas');
INSERT INTO DIRECTORS (DIRECTOR_ID, DIRECTOR_NAME) VALUES (5, 'Bryan Singer');
INSERT INTO DIRECTORS (DIRECTOR_ID, DIRECTOR_NAME) VALUES (6, 'Chris Columbus');
INSERT INTO DIRECTORS (DIRECTOR_ID, DIRECTOR_NAME) VALUES (7, 'D`Urville Martin');
INSERT INTO DIRECTORS (DIRECTOR_ID, DIRECTOR_NAME) VALUES (8, 'David Anspaugh');
INSERT INTO DIRECTORS (DIRECTOR_ID, DIRECTOR_NAME) VALUES (9, 'David Fincher');
INSERT INTO DIRECTORS (DIRECTOR_ID, DIRECTOR_NAME) VALUES (10, 'David Lynch');
INSERT INTO DIRECTORS (DIRECTOR_ID, DIRECTOR_NAME) VALUES (11, 'Francis Ford Coppola');
INSERT INTO DIRECTORS (DIRECTOR_ID, DIRECTOR_NAME) VALUES (12, 'Frank Darabont');
INSERT INTO DIRECTORS (DIRECTOR_ID, DIRECTOR_NAME) VALUES (13, 'George Lucas');
INSERT INTO DIRECTORS (DIRECTOR_ID, DIRECTOR_NAME) VALUES (14, 'George Tillman');
INSERT INTO DIRECTORS (DIRECTOR_ID, DIRECTOR_NAME) VALUES (15, 'Gus Van Sant');
INSERT INTO DIRECTORS (DIRECTOR_ID, DIRECTOR_NAME) VALUES (16, 'Harold Becker');
INSERT INTO DIRECTORS (DIRECTOR_ID, DIRECTOR_NAME) VALUES (17, 'Harold Ramis');
INSERT INTO DIRECTORS (DIRECTOR_ID, DIRECTOR_NAME) VALUES (18, 'J. Robert Wagoner');
INSERT INTO DIRECTORS (DIRECTOR_ID, DIRECTOR_NAME) VALUES (19, 'James Cameron');
INSERT INTO DIRECTORS (DIRECTOR_ID, DIRECTOR_NAME) VALUES (20, 'Jay Roach');
INSERT INTO DIRECTORS (DIRECTOR_ID, DIRECTOR_NAME) VALUES (21, 'Jeremiah Chechik');
INSERT INTO DIRECTORS (DIRECTOR_ID, DIRECTOR_NAME) VALUES (22, 'Jerry Zucker');
INSERT INTO DIRECTORS (DIRECTOR_ID, DIRECTOR_NAME) VALUES (23, 'John Boorman');
INSERT INTO DIRECTORS (DIRECTOR_ID, DIRECTOR_NAME) VALUES (24, 'John Landis');
INSERT INTO DIRECTORS (DIRECTOR_ID, DIRECTOR_NAME) VALUES (25, 'John McTiernan');
INSERT INTO DIRECTORS (DIRECTOR_ID, DIRECTOR_NAME) VALUES (26, 'John Schlesinger');
INSERT INTO DIRECTORS (DIRECTOR_ID, DIRECTOR_NAME) VALUES (27, 'John Singleton');
INSERT INTO DIRECTORS (DIRECTOR_ID, DIRECTOR_NAME) VALUES (28, 'Johnathan Frakes');
INSERT INTO DIRECTORS (DIRECTOR_ID, DIRECTOR_NAME) VALUES (29, 'Jonathan Demme');
INSERT INTO DIRECTORS (DIRECTOR_ID, DIRECTOR_NAME) VALUES (30, 'Mary Lambert');
INSERT INTO DIRECTORS (DIRECTOR_ID, DIRECTOR_NAME) VALUES (31, 'Mel Gibson');
INSERT INTO DIRECTORS (DIRECTOR_ID, DIRECTOR_NAME) VALUES (32, 'Michael Bay');
INSERT INTO DIRECTORS (DIRECTOR_ID, DIRECTOR_NAME) VALUES (33, 'Michael Schultz');
INSERT INTO DIRECTORS (DIRECTOR_ID, DIRECTOR_NAME) VALUES (34, 'Mimi Leder');
INSERT INTO DIRECTORS (DIRECTOR_ID, DIRECTOR_NAME) VALUES (35, 'Peter Farrelly');
INSERT INTO DIRECTORS (DIRECTOR_ID, DIRECTOR_NAME) VALUES (36, 'Ridley Scott');
INSERT INTO DIRECTORS (DIRECTOR_ID, DIRECTOR_NAME) VALUES (37, 'Rob Reiner');
INSERT INTO DIRECTORS (DIRECTOR_ID, DIRECTOR_NAME) VALUES (38, 'Robert Zemeckis');
INSERT INTO DIRECTORS (DIRECTOR_ID, DIRECTOR_NAME) VALUES (39, 'Roland Emmerich');
INSERT INTO DIRECTORS (DIRECTOR_ID, DIRECTOR_NAME) VALUES (40, 'Sean S. Cunningham');
INSERT INTO DIRECTORS (DIRECTOR_ID, DIRECTOR_NAME) VALUES (41, 'Spike Lee');
INSERT INTO DIRECTORS (DIRECTOR_ID, DIRECTOR_NAME) VALUES (42, 'Stanley Kubrick');
INSERT INTO DIRECTORS (DIRECTOR_ID, DIRECTOR_NAME) VALUES (43, 'Steven Lisberger');
INSERT INTO DIRECTORS (DIRECTOR_ID, DIRECTOR_NAME) VALUES (44, 'Steven Spielberg');
INSERT INTO DIRECTORS (DIRECTOR_ID, DIRECTOR_NAME) VALUES (45, 'Sydney Pollack');
INSERT INTO DIRECTORS (DIRECTOR_ID, DIRECTOR_NAME) VALUES (46, 'Terry Gilliam');
INSERT INTO DIRECTORS (DIRECTOR_ID, DIRECTOR_NAME) VALUES (47, 'Tobe Hopper');
INSERT INTO DIRECTORS (DIRECTOR_ID, DIRECTOR_NAME) VALUES (48, 'Tom Shadyac');
INSERT INTO DIRECTORS (DIRECTOR_ID, DIRECTOR_NAME) VALUES (49, 'Tony Scott');
INSERT INTO DIRECTORS (DIRECTOR_ID, DIRECTOR_NAME) VALUES (50, 'Victor Fleming');
INSERT INTO DIRECTORS (DIRECTOR_ID, DIRECTOR_NAME) VALUES (51, 'Wes Craven');
INSERT INTO MUSICS (RECORDING_ID, ARTIST_ID, ALBUM_TITLE, NUM_TRACKS, PRICE, STOCK_COUNT, CATEGORY_ID) VALUES (2042, 30, 'Atom Heart Mother', 13, 14.99, 70, 95);
INSERT INTO MUSICS (RECORDING_ID, ARTIST_ID, ALBUM_TITLE, NUM_TRACKS, PRICE, STOCK_COUNT, CATEGORY_ID) VALUES (2045, 38, 'Greatest Hits', 12, 12.99, 71, 95);
INSERT INTO MUSICS (RECORDING_ID, ARTIST_ID, ALBUM_TITLE, NUM_TRACKS, PRICE, STOCK_COUNT, CATEGORY_ID) VALUES (2037, 5, 'Born In The U.S.A.', 12, 12.99, 75, 95);
INSERT INTO MUSICS (RECORDING_ID, ARTIST_ID, ALBUM_TITLE, NUM_TRACKS, PRICE, STOCK_COUNT, CATEGORY_ID) VALUES (2036, 5, 'Born To Run', 8, 13.99, 84, 95);
INSERT INTO MUSICS (RECORDING_ID, ARTIST_ID, ALBUM_TITLE, NUM_TRACKS, PRICE, STOCK_COUNT, CATEGORY_ID) VALUES (2043, 31, 'Rage Against The Machine', 10, 9.99, 62, 95);
INSERT INTO MUSICS (RECORDING_ID, ARTIST_ID, ALBUM_TITLE, NUM_TRACKS, PRICE, STOCK_COUNT, CATEGORY_ID) VALUES (2039, 15, 'Are U Experienced', 16, 14.99, 73, 95);
INSERT INTO MUSICS (RECORDING_ID, ARTIST_ID, ALBUM_TITLE, NUM_TRACKS, PRICE, STOCK_COUNT, CATEGORY_ID) VALUES (2041, 29, 'Ignition', 11, 9.99, 91, 95);
INSERT INTO MUSICS (RECORDING_ID, ARTIST_ID, ALBUM_TITLE, NUM_TRACKS, PRICE, STOCK_COUNT, CATEGORY_ID) VALUES (2040, 28, 'Pretty Hate Machine', 10, 13.99, 0, 95);
INSERT INTO MUSICS (RECORDING_ID, ARTIST_ID, ALBUM_TITLE, NUM_TRACKS, PRICE, STOCK_COUNT, CATEGORY_ID) VALUES (2038, 11, 'Unplugged', 14, 14.99, 64, 95);
INSERT INTO MUSICS (RECORDING_ID, ARTIST_ID, ALBUM_TITLE, NUM_TRACKS, PRICE, STOCK_COUNT, CATEGORY_ID) VALUES (2044, 33, 'Some Girls', 10, 9.99, 95, 95);
INSERT INTO MUSICS (RECORDING_ID, ARTIST_ID, ALBUM_TITLE, NUM_TRACKS, PRICE, STOCK_COUNT, CATEGORY_ID) VALUES (2029, 4, 'No Exit', 14, 10.99, 55, 96);
INSERT INTO MUSICS (RECORDING_ID, ARTIST_ID, ALBUM_TITLE, NUM_TRACKS, PRICE, STOCK_COUNT, CATEGORY_ID) VALUES (2030, 6, 'Believe', 9, 10.99, 88, 96);
INSERT INTO MUSICS (RECORDING_ID, ARTIST_ID, ALBUM_TITLE, NUM_TRACKS, PRICE, STOCK_COUNT, CATEGORY_ID) VALUES (2031, 20, 'Ray of Light', 15, 12.99, 88, 96);
INSERT INTO MUSICS (RECORDING_ID, ARTIST_ID, ALBUM_TITLE, NUM_TRACKS, PRICE, STOCK_COUNT, CATEGORY_ID) VALUES (2028, 1, 'Backstreet Boys', 12, 15.99, 0, 96);
INSERT INTO MUSICS (RECORDING_ID, ARTIST_ID, ALBUM_TITLE, NUM_TRACKS, PRICE, STOCK_COUNT, CATEGORY_ID) VALUES (2033, 23, 'Thriller', 9, 14.99, 71, 96);
INSERT INTO MUSICS (RECORDING_ID, ARTIST_ID, ALBUM_TITLE, NUM_TRACKS, PRICE, STOCK_COUNT, CATEGORY_ID) VALUES (2035, 41, 'Make It Big', 8, 9.99, 54, 96);
INSERT INTO MUSICS (RECORDING_ID, ARTIST_ID, ALBUM_TITLE, NUM_TRACKS, PRICE, STOCK_COUNT, CATEGORY_ID) VALUES (2034, 36, 'Spice', 10, 9.99, 0, 96);
INSERT INTO MUSICS (RECORDING_ID, ARTIST_ID, ALBUM_TITLE, NUM_TRACKS, PRICE, STOCK_COUNT, CATEGORY_ID) VALUES (2032, 22, 'Business As Usual', 10, 12.99, 65, 96);
INSERT INTO MUSICS (RECORDING_ID, ARTIST_ID, ALBUM_TITLE, NUM_TRACKS, PRICE, STOCK_COUNT, CATEGORY_ID) VALUES (2025, 17, 'BreathLess', 13, 12.99, 54, 97);
INSERT INTO MUSICS (RECORDING_ID, ARTIST_ID, ALBUM_TITLE, NUM_TRACKS, PRICE, STOCK_COUNT, CATEGORY_ID) VALUES (2027, 26, 'Just An Illusion', 13, 14.99, 81, 97);
INSERT INTO MUSICS (RECORDING_ID, ARTIST_ID, ALBUM_TITLE, NUM_TRACKS, PRICE, STOCK_COUNT, CATEGORY_ID) VALUES (2023, 10, 'Groovin High', 13, 10.99, 90, 97);
INSERT INTO MUSICS (RECORDING_ID, ARTIST_ID, ALBUM_TITLE, NUM_TRACKS, PRICE, STOCK_COUNT, CATEGORY_ID) VALUES (2024, 16, 'Bags and Trane', 8, 13.99, 59, 97);
INSERT INTO MUSICS (RECORDING_ID, ARTIST_ID, ALBUM_TITLE, NUM_TRACKS, PRICE, STOCK_COUNT, CATEGORY_ID) VALUES (2026, 24, 'Birth of the Cool', 12, 10.99, 55, 97);
INSERT INTO MUSICS (RECORDING_ID, ARTIST_ID, ALBUM_TITLE, NUM_TRACKS, PRICE, STOCK_COUNT, CATEGORY_ID) VALUES (2020, 34, 'Run DMC', 9, 13.99, 93, 98);
INSERT INTO MUSICS (RECORDING_ID, ARTIST_ID, ALBUM_TITLE, NUM_TRACKS, PRICE, STOCK_COUNT, CATEGORY_ID) VALUES (2019, 32, '18th Letter', 12, 13.99, 63, 98);
INSERT INTO MUSICS (RECORDING_ID, ARTIST_ID, ALBUM_TITLE, NUM_TRACKS, PRICE, STOCK_COUNT, CATEGORY_ID) VALUES (2016, 18, 'Radio', 10, 15.99, 0, 98);
INSERT INTO MUSICS (RECORDING_ID, ARTIST_ID, ALBUM_TITLE, NUM_TRACKS, PRICE, STOCK_COUNT, CATEGORY_ID) VALUES (2017, 19, 'The Miseducation', 14, 15.99, 73, 98);
INSERT INTO MUSICS (RECORDING_ID, ARTIST_ID, ALBUM_TITLE, NUM_TRACKS, PRICE, STOCK_COUNT, CATEGORY_ID) VALUES (2015, 14, 'Hard Knock Life - Vol. 2', 14, 9.99, 69, 98);
INSERT INTO MUSICS (RECORDING_ID, ARTIST_ID, ALBUM_TITLE, NUM_TRACKS, PRICE, STOCK_COUNT, CATEGORY_ID) VALUES (2018, 27, 'Illmatic', 10, 12.99, 93, 98);
INSERT INTO MUSICS (RECORDING_ID, ARTIST_ID, ALBUM_TITLE, NUM_TRACKS, PRICE, STOCK_COUNT, CATEGORY_ID) VALUES (2022, 42, 'Big Willie Style', 16, 11.99, 0, 98);
INSERT INTO MUSICS (RECORDING_ID, ARTIST_ID, ALBUM_TITLE, NUM_TRACKS, PRICE, STOCK_COUNT, CATEGORY_ID) VALUES (2014, 8, '3 Feet High n Rising', 24, 13.99, 80, 98);
INSERT INTO MUSICS (RECORDING_ID, ARTIST_ID, ALBUM_TITLE, NUM_TRACKS, PRICE, STOCK_COUNT, CATEGORY_ID) VALUES (2021, 40, 'Low End Theory', 14, 14.99, 74, 98);
INSERT INTO MUSICS (RECORDING_ID, ARTIST_ID, ALBUM_TITLE, NUM_TRACKS, PRICE, STOCK_COUNT, CATEGORY_ID) VALUES (2013, 2, 'Licensed To Ill', 13, 11.99, 83, 98);
INSERT INTO MUSICS (RECORDING_ID, ARTIST_ID, ALBUM_TITLE, NUM_TRACKS, PRICE, STOCK_COUNT, CATEGORY_ID) VALUES (2005, 7, 'Nothing But Taillights', 12, 14.99, 69, 99);
INSERT INTO MUSICS (RECORDING_ID, ARTIST_ID, ALBUM_TITLE, NUM_TRACKS, PRICE, STOCK_COUNT, CATEGORY_ID) VALUES (2007, 12, 'One Step At A Time', 9, 11.99, 85, 99);
INSERT INTO MUSICS (RECORDING_ID, ARTIST_ID, ALBUM_TITLE, NUM_TRACKS, PRICE, STOCK_COUNT, CATEGORY_ID) VALUES (2012, 43, 'Xmas Music', 10, 14.99, 65, 99);
INSERT INTO MUSICS (RECORDING_ID, ARTIST_ID, ALBUM_TITLE, NUM_TRACKS, PRICE, STOCK_COUNT, CATEGORY_ID) VALUES (2006, 9, 'Wide Open Spaces', 12, 10.99, 65, 99);
INSERT INTO MUSICS (RECORDING_ID, ARTIST_ID, ALBUM_TITLE, NUM_TRACKS, PRICE, STOCK_COUNT, CATEGORY_ID) VALUES (2010, 35, 'Shania Twain', 10, 14.99, 0, 99);
INSERT INTO MUSICS (RECORDING_ID, ARTIST_ID, ALBUM_TITLE, NUM_TRACKS, PRICE, STOCK_COUNT, CATEGORY_ID) VALUES (2011, 39, 'Heartland', 9, 15.99, 55, 99);
INSERT INTO MUSICS (RECORDING_ID, ARTIST_ID, ALBUM_TITLE, NUM_TRACKS, PRICE, STOCK_COUNT, CATEGORY_ID) VALUES (2008, 35, 'Come On Over', 16, 15.99, 98, 99);
INSERT INTO MUSICS (RECORDING_ID, ARTIST_ID, ALBUM_TITLE, NUM_TRACKS, PRICE, STOCK_COUNT, CATEGORY_ID) VALUES (2009, 35, 'The Woman In Me', 12, 9.99, 91, 99);
INSERT INTO MUSICS (RECORDING_ID, ARTIST_ID, ALBUM_TITLE, NUM_TRACKS, PRICE, STOCK_COUNT, CATEGORY_ID) VALUES (2001, 13, 'Concertos 1-5 & 7', 9, 14.99, 83, 100);
INSERT INTO MUSICS (RECORDING_ID, ARTIST_ID, ALBUM_TITLE, NUM_TRACKS, PRICE, STOCK_COUNT, CATEGORY_ID) VALUES (2003, 25, 'Amadeus', 12, 14.99, 53, 100);
INSERT INTO MUSICS (RECORDING_ID, ARTIST_ID, ALBUM_TITLE, NUM_TRACKS, PRICE, STOCK_COUNT, CATEGORY_ID) VALUES (2000, 3, 'Symphonie no 6', 2, 11.99, 51, 100);
INSERT INTO MUSICS (RECORDING_ID, ARTIST_ID, ALBUM_TITLE, NUM_TRACKS, PRICE, STOCK_COUNT, CATEGORY_ID) VALUES (2004, 37, 'Nutcracker', 15, 13.99, 0, 100);
INSERT INTO MUSICS (RECORDING_ID, ARTIST_ID, ALBUM_TITLE, NUM_TRACKS, PRICE, STOCK_COUNT, CATEGORY_ID) VALUES (2002, 21, 'Symphonie no 1', 8, 15.99, 56, 100);
INSERT INTO MUSIC_TRACKS (TRACK_ID, RECORDING_ID, TRACK_TITLE, DURATION) VALUES (48, 2005, 'Our Kind of Love', 303);
INSERT INTO MUSIC_TRACKS (TRACK_ID, RECORDING_ID, TRACK_TITLE, DURATION) VALUES (49, 2005, 'Loosen Up My Strings', 304);
INSERT INTO MUSIC_TRACKS (TRACK_ID, RECORDING_ID, TRACK_TITLE, DURATION) VALUES (50, 2005, 'Still Holding On', 444);
INSERT INTO MUSIC_TRACKS (TRACK_ID, RECORDING_ID, TRACK_TITLE, DURATION) VALUES (51, 2005, 'Something That We Do', 266);
INSERT INTO MUSIC_TRACKS (TRACK_ID, RECORDING_ID, TRACK_TITLE, DURATION) VALUES (52, 2005, 'Shoes You Wearing', 299);
INSERT INTO MUSIC_TRACKS (TRACK_ID, RECORDING_ID, TRACK_TITLE, DURATION) VALUES (53, 2005, 'You Don`t Need Me Now', 325);
INSERT INTO MUSIC_TRACKS (TRACK_ID, RECORDING_ID, TRACK_TITLE, DURATION) VALUES (54, 2005, 'What I Feel Inside', 352);
INSERT INTO MUSIC_TRACKS (TRACK_ID, RECORDING_ID, TRACK_TITLE, DURATION) VALUES (55, 2005, 'You Know It All', 255);
INSERT INTO MUSIC_TRACKS (TRACK_ID, RECORDING_ID, TRACK_TITLE, DURATION) VALUES (56, 2005, 'Ode To Java', 322);
INSERT INTO MUSIC_TRACKS (TRACK_ID, RECORDING_ID, TRACK_TITLE, DURATION) VALUES (57, 2005, 'Bitter Side Of Sweet', 388);
INSERT INTO MUSIC_TRACKS (TRACK_ID, RECORDING_ID, TRACK_TITLE, DURATION) VALUES (58, 2006, 'I Can Love You Better', 230);
INSERT INTO MUSIC_TRACKS (TRACK_ID, RECORDING_ID, TRACK_TITLE, DURATION) VALUES (59, 2006, 'Wide Open Spaces', 240);
INSERT INTO MUSIC_TRACKS (TRACK_ID, RECORDING_ID, TRACK_TITLE, DURATION) VALUES (60, 2006, 'Loving Arms', 260);
INSERT INTO MUSIC_TRACKS (TRACK_ID, RECORDING_ID, TRACK_TITLE, DURATION) VALUES (61, 2006, 'There`s Your Trouble', 220);
INSERT INTO MUSIC_TRACKS (TRACK_ID, RECORDING_ID, TRACK_TITLE, DURATION) VALUES (62, 2006, 'You Were Mine', 180);
INSERT INTO MUSIC_TRACKS (TRACK_ID, RECORDING_ID, TRACK_TITLE, DURATION) VALUES (63, 2006, 'Never Say Die', 199);
INSERT INTO MUSIC_TRACKS (TRACK_ID, RECORDING_ID, TRACK_TITLE, DURATION) VALUES (64, 2006, 'Tonight The Heartache`s On Me', 201);
INSERT INTO MUSIC_TRACKS (TRACK_ID, RECORDING_ID, TRACK_TITLE, DURATION) VALUES (65, 2006, 'Let `Er Rip', 232);
INSERT INTO MUSIC_TRACKS (TRACK_ID, RECORDING_ID, TRACK_TITLE, DURATION) VALUES (66, 2006, 'Once You`ve Loved Somebody', 199);
INSERT INTO MUSIC_TRACKS (TRACK_ID, RECORDING_ID, TRACK_TITLE, DURATION) VALUES (67, 2006, 'I`ll Take Care Of You', 201);
INSERT INTO MUSIC_TRACKS (TRACK_ID, RECORDING_ID, TRACK_TITLE, DURATION) VALUES (68, 2006, 'Am I The Only One', 233);
INSERT INTO MUSIC_TRACKS (TRACK_ID, RECORDING_ID, TRACK_TITLE, DURATION) VALUES (69, 2006, 'Give It Up or Let Me Go', 255);
INSERT INTO MUSIC_TRACKS (TRACK_ID, RECORDING_ID, TRACK_TITLE, DURATION) VALUES (70, 2007, 'I Just Want To Dance With You', 333);
INSERT INTO MUSIC_TRACKS (TRACK_ID, RECORDING_ID, TRACK_TITLE, DURATION) VALUES (71, 2007, 'One Step At A Time', 266);
INSERT INTO MUSIC_TRACKS (TRACK_ID, RECORDING_ID, TRACK_TITLE, DURATION) VALUES (72, 2007, 'True', 299);
INSERT INTO MUSIC_TRACKS (TRACK_ID, RECORDING_ID, TRACK_TITLE, DURATION) VALUES (73, 2007, 'Remember The Alamo', 355);
INSERT INTO MUSIC_TRACKS (TRACK_ID, RECORDING_ID, TRACK_TITLE, DURATION) VALUES (74, 2007, 'Maria and Java', 333);
INSERT INTO MUSIC_TRACKS (TRACK_ID, RECORDING_ID, TRACK_TITLE, DURATION) VALUES (75, 2007, 'We Really Shouldn`t Be Doing This', 300);
INSERT INTO MUSIC_TRACKS (TRACK_ID, RECORDING_ID, TRACK_TITLE, DURATION) VALUES (76, 2007, 'Why Not Now', 400);
INSERT INTO MUSIC_TRACKS (TRACK_ID, RECORDING_ID, TRACK_TITLE, DURATION) VALUES (77, 2007, 'That`s The Breaks', 255);
INSERT INTO MUSIC_TRACKS (TRACK_ID, RECORDING_ID, TRACK_TITLE, DURATION) VALUES (78, 2007, 'Neon Row', 304);
INSERT INTO MUSIC_TRACKS (TRACK_ID, RECORDING_ID, TRACK_TITLE, DURATION) VALUES (79, 2008, 'Man!  I Feel Like A Woman!', 308);
INSERT INTO MUSIC_TRACKS (TRACK_ID, RECORDING_ID, TRACK_TITLE, DURATION) VALUES (80, 2008, 'I`m Holding On To Love', 291);
INSERT INTO MUSIC_TRACKS (TRACK_ID, RECORDING_ID, TRACK_TITLE, DURATION) VALUES (81, 2008, 'Java Gets Me Every Time', 327);
INSERT INTO MUSIC_TRACKS (TRACK_ID, RECORDING_ID, TRACK_TITLE, DURATION) VALUES (82, 2008, 'Don`t Be Stupid', 285);
INSERT INTO MUSIC_TRACKS (TRACK_ID, RECORDING_ID, TRACK_TITLE, DURATION) VALUES (83, 2008, 'From This Moment On', 183);
INSERT INTO MUSIC_TRACKS (TRACK_ID, RECORDING_ID, TRACK_TITLE, DURATION) VALUES (84, 2008, 'Come On Over', 177);
INSERT INTO MUSIC_TRACKS (TRACK_ID, RECORDING_ID, TRACK_TITLE, DURATION) VALUES (85, 2008, 'When', 323);
INSERT INTO MUSIC_TRACKS (TRACK_ID, RECORDING_ID, TRACK_TITLE, DURATION) VALUES (86, 2008, 'Whatever You Do! Don`t', 326);
INSERT INTO MUSIC_TRACKS (TRACK_ID, RECORDING_ID, TRACK_TITLE, DURATION) VALUES (87, 2008, 'If You Want To Touch Her - Ask!', 317);
INSERT INTO MUSIC_TRACKS (TRACK_ID, RECORDING_ID, TRACK_TITLE, DURATION) VALUES (88, 2008, 'You`re Still The One', 209);
INSERT INTO MUSIC_TRACKS (TRACK_ID, RECORDING_ID, TRACK_TITLE, DURATION) VALUES (89, 2008, 'Honey - I`m Home', 285);
INSERT INTO MUSIC_TRACKS (TRACK_ID, RECORDING_ID, TRACK_TITLE, DURATION) VALUES (90, 2008, 'That Don`t Impress Me Much', 305);
INSERT INTO MUSIC_TRACKS (TRACK_ID, RECORDING_ID, TRACK_TITLE, DURATION) VALUES (91, 2008, 'Black Eyes - Blue Tears', 299);
INSERT INTO MUSIC_TRACKS (TRACK_ID, RECORDING_ID, TRACK_TITLE, DURATION) VALUES (92, 2008, 'I Won`t Leave You Lonley', 305);
INSERT INTO MUSIC_TRACKS (TRACK_ID, RECORDING_ID, TRACK_TITLE, DURATION) VALUES (93, 2008, 'Rock This Country!', 340);
INSERT INTO MUSIC_TRACKS (TRACK_ID, RECORDING_ID, TRACK_TITLE, DURATION) VALUES (94, 2008, 'You`ve Got A Way', 369);
INSERT INTO MUSIC_TRACKS (TRACK_ID, RECORDING_ID, TRACK_TITLE, DURATION) VALUES (95, 2009, 'Home Ain`t Where His Heart Is', 308);
INSERT INTO MUSIC_TRACKS (TRACK_ID, RECORDING_ID, TRACK_TITLE, DURATION) VALUES (96, 2009, 'Any Man of Mine', 291);
INSERT INTO MUSIC_TRACKS (TRACK_ID, RECORDING_ID, TRACK_TITLE, DURATION) VALUES (97, 2009, 'Whose Bed Have Your Boots Been Under?', 300);
INSERT INTO MUSIC_TRACKS (TRACK_ID, RECORDING_ID, TRACK_TITLE, DURATION) VALUES (98, 2009, 'I`m Outta Here!', 250);
INSERT INTO MUSIC_TRACKS (TRACK_ID, RECORDING_ID, TRACK_TITLE, DURATION) VALUES (99, 2009, 'Woman In Me', 275);
INSERT INTO MUSIC_TRACKS (TRACK_ID, RECORDING_ID, TRACK_TITLE, DURATION) VALUES (100, 2009, 'Is There Life After Java?', 285);
INSERT INTO MUSIC_TRACKS (TRACK_ID, RECORDING_ID, TRACK_TITLE, DURATION) VALUES (101, 2009, 'If It Don`t Take Two', 295);
INSERT INTO MUSIC_TRACKS (TRACK_ID, RECORDING_ID, TRACK_TITLE, DURATION) VALUES (102, 2009, 'You Win My Love', 400);
INSERT INTO MUSIC_TRACKS (TRACK_ID, RECORDING_ID, TRACK_TITLE, DURATION) VALUES (103, 2009, 'Raining On Our Love', 244);
INSERT INTO MUSIC_TRACKS (TRACK_ID, RECORDING_ID, TRACK_TITLE, DURATION) VALUES (104, 2009, 'Leaving Is The Only Way Out', 300);
INSERT INTO MUSIC_TRACKS (TRACK_ID, RECORDING_ID, TRACK_TITLE, DURATION) VALUES (105, 2009, 'No One Needs To Know', 310);
INSERT INTO MUSIC_TRACKS (TRACK_ID, RECORDING_ID, TRACK_TITLE, DURATION) VALUES (106, 2009, 'God Bless The Child', 250);
INSERT INTO MUSIC_TRACKS (TRACK_ID, RECORDING_ID, TRACK_TITLE, DURATION) VALUES (107, 2010, 'What Made You Say That?', 208);
INSERT INTO MUSIC_TRACKS (TRACK_ID, RECORDING_ID, TRACK_TITLE, DURATION) VALUES (108, 2010, 'You Lay A Whole Lot Of Java On Me', 308);
INSERT INTO MUSIC_TRACKS (TRACK_ID, RECORDING_ID, TRACK_TITLE, DURATION) VALUES (109, 2010, 'Dance With The One That Brought You', 400);
INSERT INTO MUSIC_TRACKS (TRACK_ID, RECORDING_ID, TRACK_TITLE, DURATION) VALUES (110, 2010, 'Still Under The Weather?', 410);
INSERT INTO MUSIC_TRACKS (TRACK_ID, RECORDING_ID, TRACK_TITLE, DURATION) VALUES (111, 2010, 'God Ain`t Gonna Getcha For That', 250);
INSERT INTO MUSIC_TRACKS (TRACK_ID, RECORDING_ID, TRACK_TITLE, DURATION) VALUES (112, 2010, 'Got A Hold On Me', 276);
INSERT INTO MUSIC_TRACKS (TRACK_ID, RECORDING_ID, TRACK_TITLE, DURATION) VALUES (113, 2010, 'There Goes The Neighborhood', 299);
INSERT INTO MUSIC_TRACKS (TRACK_ID, RECORDING_ID, TRACK_TITLE, DURATION) VALUES (114, 2010, 'Forget Me', 304);
INSERT INTO MUSIC_TRACKS (TRACK_ID, RECORDING_ID, TRACK_TITLE, DURATION) VALUES (115, 2010, 'When He Leaves You', 255);
INSERT INTO MUSIC_TRACKS (TRACK_ID, RECORDING_ID, TRACK_TITLE, DURATION) VALUES (116, 2010, 'Crime Of The Century', 333);
INSERT INTO MUSIC_TRACKS (TRACK_ID, RECORDING_ID, TRACK_TITLE, DURATION) VALUES (117, 2011, 'Don`t Be Cruel', 277);
INSERT INTO MUSIC_TRACKS (TRACK_ID, RECORDING_ID, TRACK_TITLE, DURATION) VALUES (118, 2011, 'I`m Falling In Love Tonight', 344);
INSERT INTO MUSIC_TRACKS (TRACK_ID, RECORDING_ID, TRACK_TITLE, DURATION) VALUES (119, 2011, 'Turn It Loose', 333);
INSERT INTO MUSIC_TRACKS (TRACK_ID, RECORDING_ID, TRACK_TITLE, DURATION) VALUES (120, 2011, 'Old Pictures and Gifs', 299);
INSERT INTO MUSIC_TRACKS (TRACK_ID, RECORDING_ID, TRACK_TITLE, DURATION) VALUES (121, 2011, 'Cow Cow Boogie', 250);
INSERT INTO MUSIC_TRACKS (TRACK_ID, RECORDING_ID, TRACK_TITLE, DURATION) VALUES (122, 2011, 'Maybe Your Baby`s Got The Blues', 288);
INSERT INTO MUSIC_TRACKS (TRACK_ID, RECORDING_ID, TRACK_TITLE, DURATION) VALUES (123, 2011, 'I Know Where I`m Going', 333);
INSERT INTO MUSIC_TRACKS (TRACK_ID, RECORDING_ID, TRACK_TITLE, DURATION) VALUES (124, 2011, 'Why Don`t You Believe Me', 277);
INSERT INTO MUSIC_TRACKS (TRACK_ID, RECORDING_ID, TRACK_TITLE, DURATION) VALUES (125, 2011, 'The Sweetest Gift', 299);
INSERT INTO MUSIC_TRACKS (TRACK_ID, RECORDING_ID, TRACK_TITLE, DURATION) VALUES (126, 2012, 'Away In A Manger', 333);
INSERT INTO MUSIC_TRACKS (TRACK_ID, RECORDING_ID, TRACK_TITLE, DURATION) VALUES (127, 2012, 'Deck The Halls with Java', 300);
INSERT INTO MUSIC_TRACKS (TRACK_ID, RECORDING_ID, TRACK_TITLE, DURATION) VALUES (128, 2012, 'It Came Upon A Midnight Clear', 374);
INSERT INTO MUSIC_TRACKS (TRACK_ID, RECORDING_ID, TRACK_TITLE, DURATION) VALUES (129, 2012, 'Joy To The World', 200);
INSERT INTO MUSIC_TRACKS (TRACK_ID, RECORDING_ID, TRACK_TITLE, DURATION) VALUES (130, 2012, 'The First Noel', 244);
INSERT INTO MUSIC_TRACKS (TRACK_ID, RECORDING_ID, TRACK_TITLE, DURATION) VALUES (131, 2012, 'O Little Town Of Bethlehem', 342);
INSERT INTO MUSIC_TRACKS (TRACK_ID, RECORDING_ID, TRACK_TITLE, DURATION) VALUES (132, 2012, 'O Come All Ye Faithful', 322);
INSERT INTO MUSIC_TRACKS (TRACK_ID, RECORDING_ID, TRACK_TITLE, DURATION) VALUES (133, 2012, 'We Wish You A Merry Christmas', 355);
INSERT INTO MUSIC_TRACKS (TRACK_ID, RECORDING_ID, TRACK_TITLE, DURATION) VALUES (134, 2012, 'Silent Night', 299);
INSERT INTO MUSIC_TRACKS (TRACK_ID, RECORDING_ID, TRACK_TITLE, DURATION) VALUES (135, 2012, 'Pretty Paper', 301);
INSERT INTO MUSIC_TRACKS (TRACK_ID, RECORDING_ID, TRACK_TITLE, DURATION) VALUES (136, 2013, 'Rhyming And Hacking', 199);
INSERT INTO MUSIC_TRACKS (TRACK_ID, RECORDING_ID, TRACK_TITLE, DURATION) VALUES (137, 2013, 'New Style', 202);
INSERT INTO MUSIC_TRACKS (TRACK_ID, RECORDING_ID, TRACK_TITLE, DURATION) VALUES (138, 2013, 'She`s Crafty', 222);
INSERT INTO MUSIC_TRACKS (TRACK_ID, RECORDING_ID, TRACK_TITLE, DURATION) VALUES (139, 2013, 'Posse In Effect', 255);
INSERT INTO MUSIC_TRACKS (TRACK_ID, RECORDING_ID, TRACK_TITLE, DURATION) VALUES (140, 2013, 'Slow Ride', 201);
INSERT INTO MUSIC_TRACKS (TRACK_ID, RECORDING_ID, TRACK_TITLE, DURATION) VALUES (141, 2013, 'Girls', 223);
INSERT INTO MUSIC_TRACKS (TRACK_ID, RECORDING_ID, TRACK_TITLE, DURATION) VALUES (142, 2013, 'Fight For Your Right', 180);
INSERT INTO MUSIC_TRACKS (TRACK_ID, RECORDING_ID, TRACK_TITLE, DURATION) VALUES (143, 2013, 'No Sleep Till Brooklyn', 200);
INSERT INTO MUSIC_TRACKS (TRACK_ID, RECORDING_ID, TRACK_TITLE, DURATION) VALUES (144, 2013, 'Paul Revere', 300);
INSERT INTO MUSIC_TRACKS (TRACK_ID, RECORDING_ID, TRACK_TITLE, DURATION) VALUES (145, 2013, 'Hold It Now - Hit It!', 275);
INSERT INTO MUSIC_TRACKS (TRACK_ID, RECORDING_ID, TRACK_TITLE, DURATION) VALUES (146, 2013, 'Brass Monkey', 250);
INSERT INTO MUSIC_TRACKS (TRACK_ID, RECORDING_ID, TRACK_TITLE, DURATION) VALUES (147, 2013, 'Slow And Low', 222);
INSERT INTO MUSIC_TRACKS (TRACK_ID, RECORDING_ID, TRACK_TITLE, DURATION) VALUES (148, 2013, 'Time To Get Ill', 254);
INSERT INTO MUSIC_TRACKS (TRACK_ID, RECORDING_ID, TRACK_TITLE, DURATION) VALUES (149, 2014, 'Intro', 50);
INSERT INTO MUSIC_TRACKS (TRACK_ID, RECORDING_ID, TRACK_TITLE, DURATION) VALUES (150, 2014, 'Three Is The Magic Number', 333);
INSERT INTO MUSIC_TRACKS (TRACK_ID, RECORDING_ID, TRACK_TITLE, DURATION) VALUES (151, 2014, 'Change In Speak', 300);
INSERT INTO MUSIC_TRACKS (TRACK_ID, RECORDING_ID, TRACK_TITLE, DURATION) VALUES (152, 2014, 'Cool Breeze On The Rocks', 150);
INSERT INTO MUSIC_TRACKS (TRACK_ID, RECORDING_ID, TRACK_TITLE, DURATION) VALUES (153, 2014, 'Can U Keep A Secret', 80);
INSERT INTO MUSIC_TRACKS (TRACK_ID, RECORDING_ID, TRACK_TITLE, DURATION) VALUES (154, 2014, 'Jenifa Taught Me', 240);
INSERT INTO MUSIC_TRACKS (TRACK_ID, RECORDING_ID, TRACK_TITLE, DURATION) VALUES (155, 2014, 'Ghetto Thang', 199);
INSERT INTO MUSIC_TRACKS (TRACK_ID, RECORDING_ID, TRACK_TITLE, DURATION) VALUES (156, 2014, 'Transmitting Live From Mars', 34);
INSERT INTO MUSIC_TRACKS (TRACK_ID, RECORDING_ID, TRACK_TITLE, DURATION) VALUES (157, 2014, 'Eye Know', 200);
INSERT INTO MUSIC_TRACKS (TRACK_ID, RECORDING_ID, TRACK_TITLE, DURATION) VALUES (158, 2014, 'Take It Off', 210);
INSERT INTO MUSIC_TRACKS (TRACK_ID, RECORDING_ID, TRACK_TITLE, DURATION) VALUES (159, 2014, 'Little Bit Of Soap', 220);
INSERT INTO MUSIC_TRACKS (TRACK_ID, RECORDING_ID, TRACK_TITLE, DURATION) VALUES (160, 2014, 'Tread Water', 150);
INSERT INTO MUSIC_TRACKS (TRACK_ID, RECORDING_ID, TRACK_TITLE, DURATION) VALUES (161, 2014, 'Potholes In My Lawn', 300);
INSERT INTO MUSIC_TRACKS (TRACK_ID, RECORDING_ID, TRACK_TITLE, DURATION) VALUES (162, 2014, 'Say No Go', 244);
INSERT INTO MUSIC_TRACKS (TRACK_ID, RECORDING_ID, TRACK_TITLE, DURATION) VALUES (163, 2014, 'Do As De La Does', 220);
INSERT INTO MUSIC_TRACKS (TRACK_ID, RECORDING_ID, TRACK_TITLE, DURATION) VALUES (164, 2014, 'Plug Tunin`', 210);
INSERT INTO MUSIC_TRACKS (TRACK_ID, RECORDING_ID, TRACK_TITLE, DURATION) VALUES (165, 2014, 'De La Java', 244);
INSERT INTO MUSIC_TRACKS (TRACK_ID, RECORDING_ID, TRACK_TITLE, DURATION) VALUES (166, 2014, 'Buddy', 180);
INSERT INTO MUSIC_TRACKS (TRACK_ID, RECORDING_ID, TRACK_TITLE, DURATION) VALUES (167, 2014, 'Description', 23);
INSERT INTO MUSIC_TRACKS (TRACK_ID, RECORDING_ID, TRACK_TITLE, DURATION) VALUES (168, 2014, 'Me Myself And I', 233);
INSERT INTO MUSIC_TRACKS (TRACK_ID, RECORDING_ID, TRACK_TITLE, DURATION) VALUES (169, 2014, 'This A Recording', 180);
INSERT INTO MUSIC_TRACKS (TRACK_ID, RECORDING_ID, TRACK_TITLE, DURATION) VALUES (170, 2014, 'I Can Do Anything', 199);
INSERT INTO MUSIC_TRACKS (TRACK_ID, RECORDING_ID, TRACK_TITLE, DURATION) VALUES (171, 2014, 'D.A.I.S.Y Age', 222);
INSERT INTO MUSIC_TRACKS (TRACK_ID, RECORDING_ID, TRACK_TITLE, DURATION) VALUES (172, 2014, 'Plug Tunin` (original 12'' version)', 277);
INSERT INTO MUSIC_TRACKS (TRACK_ID, RECORDING_ID, TRACK_TITLE, DURATION) VALUES (173, 2015, 'Hand It Down', 188);
INSERT INTO MUSIC_TRACKS (TRACK_ID, RECORDING_ID, TRACK_TITLE, DURATION) VALUES (174, 2015, 'Hard Knock Life', 199);
INSERT INTO MUSIC_TRACKS (TRACK_ID, RECORDING_ID, TRACK_TITLE, DURATION) VALUES (175, 2015, 'If I Could Live', 201);
INSERT INTO MUSIC_TRACKS (TRACK_ID, RECORDING_ID, TRACK_TITLE, DURATION) VALUES (176, 2015, 'Ride or Hack', 222);
INSERT INTO MUSIC_TRACKS (TRACK_ID, RECORDING_ID, TRACK_TITLE, DURATION) VALUES (177, 2015, 'Java What Java Who?', 244);
INSERT INTO MUSIC_TRACKS (TRACK_ID, RECORDING_ID, TRACK_TITLE, DURATION) VALUES (178, 2015, 'Money - Cash - Java', 202);
INSERT INTO MUSIC_TRACKS (TRACK_ID, RECORDING_ID, TRACK_TITLE, DURATION) VALUES (179, 2015, 'A Week Ago', 225);
INSERT INTO MUSIC_TRACKS (TRACK_ID, RECORDING_ID, TRACK_TITLE, DURATION) VALUES (180, 2015, 'Coming of Age', 223);
INSERT INTO MUSIC_TRACKS (TRACK_ID, RECORDING_ID, TRACK_TITLE, DURATION) VALUES (181, 2015, 'Can I Scale for 1 Million Users?', 180);
INSERT INTO MUSIC_TRACKS (TRACK_ID, RECORDING_ID, TRACK_TITLE, DURATION) VALUES (182, 2015, 'Paper Chase', 200);
INSERT INTO MUSIC_TRACKS (TRACK_ID, RECORDING_ID, TRACK_TITLE, DURATION) VALUES (183, 2015, 'Threads and Threads', 189);
INSERT INTO MUSIC_TRACKS (TRACK_ID, RECORDING_ID, TRACK_TITLE, DURATION) VALUES (184, 2015, 'It`s Like That', 232);
INSERT INTO MUSIC_TRACKS (TRACK_ID, RECORDING_ID, TRACK_TITLE, DURATION) VALUES (185, 2015, 'It`s Alright', 304);
INSERT INTO MUSIC_TRACKS (TRACK_ID, RECORDING_ID, TRACK_TITLE, DURATION) VALUES (186, 2015, 'Holler Back', 180);
INSERT INTO MUSIC_TRACKS (TRACK_ID, RECORDING_ID, TRACK_TITLE, DURATION) VALUES (187, 2016, 'I Can`t Live Without My Radio', 180);
INSERT INTO MUSIC_TRACKS (TRACK_ID, RECORDING_ID, TRACK_TITLE, DURATION) VALUES (188, 2016, 'You Can`t Dance', 190);
INSERT INTO MUSIC_TRACKS (TRACK_ID, RECORDING_ID, TRACK_TITLE, DURATION) VALUES (189, 2016, 'Dear Yvette', 200);
INSERT INTO MUSIC_TRACKS (TRACK_ID, RECORDING_ID, TRACK_TITLE, DURATION) VALUES (190, 2016, 'I Can Give You More', 259);
INSERT INTO MUSIC_TRACKS (TRACK_ID, RECORDING_ID, TRACK_TITLE, DURATION) VALUES (191, 2016, 'Dangerous', 242);
INSERT INTO MUSIC_TRACKS (TRACK_ID, RECORDING_ID, TRACK_TITLE, DURATION) VALUES (192, 2016, 'Rock The Bells', 230);
INSERT INTO MUSIC_TRACKS (TRACK_ID, RECORDING_ID, TRACK_TITLE, DURATION) VALUES (193, 2016, 'I Need A Beat', 244);
INSERT INTO MUSIC_TRACKS (TRACK_ID, RECORDING_ID, TRACK_TITLE, DURATION) VALUES (194, 2016, 'That`s A Lie', 199);
INSERT INTO MUSIC_TRACKS (TRACK_ID, RECORDING_ID, TRACK_TITLE, DURATION) VALUES (195, 2016, 'You`ll Rock', 211);
INSERT INTO MUSIC_TRACKS (TRACK_ID, RECORDING_ID, TRACK_TITLE, DURATION) VALUES (196, 2016, 'I Want You', 244);
INSERT INTO MUSIC_TRACKS (TRACK_ID, RECORDING_ID, TRACK_TITLE, DURATION) VALUES (197, 2017, 'Lost Ones', 202);
INSERT INTO MUSIC_TRACKS (TRACK_ID, RECORDING_ID, TRACK_TITLE, DURATION) VALUES (198, 2017, 'Ex-Factor', 255);
INSERT INTO MUSIC_TRACKS (TRACK_ID, RECORDING_ID, TRACK_TITLE, DURATION) VALUES (199, 2017, 'To Zion', 190);
INSERT INTO MUSIC_TRACKS (TRACK_ID, RECORDING_ID, TRACK_TITLE, DURATION) VALUES (200, 2017, 'Doo Wop', 199);
INSERT INTO MUSIC_TRACKS (TRACK_ID, RECORDING_ID, TRACK_TITLE, DURATION) VALUES (201, 2017, 'Superstar', 201);
INSERT INTO MUSIC_TRACKS (TRACK_ID, RECORDING_ID, TRACK_TITLE, DURATION) VALUES (202, 2017, 'Final Hour', 220);
INSERT INTO MUSIC_TRACKS (TRACK_ID, RECORDING_ID, TRACK_TITLE, DURATION) VALUES (203, 2017, 'When It Hurts So Bad', 250);
INSERT INTO MUSIC_TRACKS (TRACK_ID, RECORDING_ID, TRACK_TITLE, DURATION) VALUES (204, 2017, 'I Used To Love Him', 290);
INSERT INTO MUSIC_TRACKS (TRACK_ID, RECORDING_ID, TRACK_TITLE, DURATION) VALUES (205, 2017, 'Forgive Them Father', 330);
INSERT INTO MUSIC_TRACKS (TRACK_ID, RECORDING_ID, TRACK_TITLE, DURATION) VALUES (206, 2017, 'Every Ghetto - Every City', 201);
INSERT INTO MUSIC_TRACKS (TRACK_ID, RECORDING_ID, TRACK_TITLE, DURATION) VALUES (207, 2017, 'Nothing Even Matters', 220);
INSERT INTO MUSIC_TRACKS (TRACK_ID, RECORDING_ID, TRACK_TITLE, DURATION) VALUES (208, 2017, 'Everything Is Everything', 230);
INSERT INTO MUSIC_TRACKS (TRACK_ID, RECORDING_ID, TRACK_TITLE, DURATION) VALUES (209, 2017, 'Miseducation of Lauryn Hill', 210);
INSERT INTO MUSIC_TRACKS (TRACK_ID, RECORDING_ID, TRACK_TITLE, DURATION) VALUES (210, 2017, 'Sweetest Thing', 220);
INSERT INTO MUSIC_TRACKS (TRACK_ID, RECORDING_ID, TRACK_TITLE, DURATION) VALUES (211, 2018, 'The Genesis', 343);
INSERT INTO MUSIC_TRACKS (TRACK_ID, RECORDING_ID, TRACK_TITLE, DURATION) VALUES (212, 2018, 'N.Y. State Of Mind', 308);
INSERT INTO MUSIC_TRACKS (TRACK_ID, RECORDING_ID, TRACK_TITLE, DURATION) VALUES (213, 2018, 'Life`s A Trip', 239);
INSERT INTO MUSIC_TRACKS (TRACK_ID, RECORDING_ID, TRACK_TITLE, DURATION) VALUES (214, 2018, 'The World Is Yours', 312);
INSERT INTO MUSIC_TRACKS (TRACK_ID, RECORDING_ID, TRACK_TITLE, DURATION) VALUES (215, 2018, 'Halftime', 293);
INSERT INTO MUSIC_TRACKS (TRACK_ID, RECORDING_ID, TRACK_TITLE, DURATION) VALUES (216, 2018, 'Memory Lane (Sittin` In Da Park)', 225);
INSERT INTO MUSIC_TRACKS (TRACK_ID, RECORDING_ID, TRACK_TITLE, DURATION) VALUES (217, 2018, 'One Love', 221);
INSERT INTO MUSIC_TRACKS (TRACK_ID, RECORDING_ID, TRACK_TITLE, DURATION) VALUES (218, 2018, 'One Time 4 Your Mind', 195);
INSERT INTO MUSIC_TRACKS (TRACK_ID, RECORDING_ID, TRACK_TITLE, DURATION) VALUES (219, 2018, 'Represent', 224);
INSERT INTO MUSIC_TRACKS (TRACK_ID, RECORDING_ID, TRACK_TITLE, DURATION) VALUES (220, 2018, 'It Ain`t Hard To Tell', 344);
INSERT INTO MUSIC_TRACKS (TRACK_ID, RECORDING_ID, TRACK_TITLE, DURATION) VALUES (221, 2019, '18th Letter', 188);
INSERT INTO MUSIC_TRACKS (TRACK_ID, RECORDING_ID, TRACK_TITLE, DURATION) VALUES (222, 2019, 'It`s Been A Long Time', 199);
INSERT INTO MUSIC_TRACKS (TRACK_ID, RECORDING_ID, TRACK_TITLE, DURATION) VALUES (223, 2019, 'Remember That', 201);
INSERT INTO MUSIC_TRACKS (TRACK_ID, RECORDING_ID, TRACK_TITLE, DURATION) VALUES (224, 2019, 'Saga Begins', 222);
INSERT INTO MUSIC_TRACKS (TRACK_ID, RECORDING_ID, TRACK_TITLE, DURATION) VALUES (225, 2019, 'Guess Who`s Back', 244);
INSERT INTO MUSIC_TRACKS (TRACK_ID, RECORDING_ID, TRACK_TITLE, DURATION) VALUES (226, 2019, 'Stay Awhile', 212);
INSERT INTO MUSIC_TRACKS (TRACK_ID, RECORDING_ID, TRACK_TITLE, DURATION) VALUES (227, 2019, 'New York (Ya Out There!)', 277);
INSERT INTO MUSIC_TRACKS (TRACK_ID, RECORDING_ID, TRACK_TITLE, DURATION) VALUES (228, 2019, 'Show Me Love', 202);
INSERT INTO MUSIC_TRACKS (TRACK_ID, RECORDING_ID, TRACK_TITLE, DURATION) VALUES (229, 2019, 'Mystery', 252);
INSERT INTO MUSIC_TRACKS (TRACK_ID, RECORDING_ID, TRACK_TITLE, DURATION) VALUES (230, 2019, 'When I`m Flowin', 288);
INSERT INTO MUSIC_TRACKS (TRACK_ID, RECORDING_ID, TRACK_TITLE, DURATION) VALUES (231, 2019, 'It`s Been A Long Time', 254);
INSERT INTO MUSIC_TRACKS (TRACK_ID, RECORDING_ID, TRACK_TITLE, DURATION) VALUES (232, 2019, 'Guess Who`s Back (remix)', 222);
INSERT INTO MUSIC_TRACKS (TRACK_ID, RECORDING_ID, TRACK_TITLE, DURATION) VALUES (233, 2020, 'Hard Times', 186);
INSERT INTO MUSIC_TRACKS (TRACK_ID, RECORDING_ID, TRACK_TITLE, DURATION) VALUES (234, 2020, 'Rock Box', 306);
INSERT INTO MUSIC_TRACKS (TRACK_ID, RECORDING_ID, TRACK_TITLE, DURATION) VALUES (235, 2020, 'Jam-Master Jay', 303);
INSERT INTO MUSIC_TRACKS (TRACK_ID, RECORDING_ID, TRACK_TITLE, DURATION) VALUES (236, 2020, 'Hollis Crew (Krush Groove 2)', 337);
INSERT INTO MUSIC_TRACKS (TRACK_ID, RECORDING_ID, TRACK_TITLE, DURATION) VALUES (237, 2020, 'Sucker M.C.`s (Krush Groove 1)', 340);
INSERT INTO MUSIC_TRACKS (TRACK_ID, RECORDING_ID, TRACK_TITLE, DURATION) VALUES (238, 2020, 'It`s Like That', 245);
INSERT INTO MUSIC_TRACKS (TRACK_ID, RECORDING_ID, TRACK_TITLE, DURATION) VALUES (239, 2020, 'Wake Up', 192);
INSERT INTO MUSIC_TRACKS (TRACK_ID, RECORDING_ID, TRACK_TITLE, DURATION) VALUES (240, 2020, '30 Days', 208);
INSERT INTO MUSIC_TRACKS (TRACK_ID, RECORDING_ID, TRACK_TITLE, DURATION) VALUES (241, 2020, 'Jay`s Game', 300);
INSERT INTO MUSIC_TRACKS (TRACK_ID, RECORDING_ID, TRACK_TITLE, DURATION) VALUES (242, 2021, 'Excursions', 326);
INSERT INTO MUSIC_TRACKS (TRACK_ID, RECORDING_ID, TRACK_TITLE, DURATION) VALUES (243, 2021, 'Buggin` Out', 326);
INSERT INTO MUSIC_TRACKS (TRACK_ID, RECORDING_ID, TRACK_TITLE, DURATION) VALUES (244, 2021, 'Rap Promoter', 283);
INSERT INTO MUSIC_TRACKS (TRACK_ID, RECORDING_ID, TRACK_TITLE, DURATION) VALUES (245, 2021, 'Butter', 311);
INSERT INTO MUSIC_TRACKS (TRACK_ID, RECORDING_ID, TRACK_TITLE, DURATION) VALUES (246, 2021, 'Verses From The Abstract', 268);
INSERT INTO MUSIC_TRACKS (TRACK_ID, RECORDING_ID, TRACK_TITLE, DURATION) VALUES (247, 2021, 'Show Business', 295);
INSERT INTO MUSIC_TRACKS (TRACK_ID, RECORDING_ID, TRACK_TITLE, DURATION) VALUES (248, 2021, 'Vibes And Stuff', 246);
INSERT INTO MUSIC_TRACKS (TRACK_ID, RECORDING_ID, TRACK_TITLE, DURATION) VALUES (249, 2021, 'The Infamous Date', 288);
INSERT INTO MUSIC_TRACKS (TRACK_ID, RECORDING_ID, TRACK_TITLE, DURATION) VALUES (250, 2021, 'Check The Rhime', 232);
INSERT INTO MUSIC_TRACKS (TRACK_ID, RECORDING_ID, TRACK_TITLE, DURATION) VALUES (251, 2021, 'Everything Is Fair', 320);
INSERT INTO MUSIC_TRACKS (TRACK_ID, RECORDING_ID, TRACK_TITLE, DURATION) VALUES (252, 2021, 'Jazz (We`ve Got)', 209);
INSERT INTO MUSIC_TRACKS (TRACK_ID, RECORDING_ID, TRACK_TITLE, DURATION) VALUES (253, 2021, 'Skypager', 355);
INSERT INTO MUSIC_TRACKS (TRACK_ID, RECORDING_ID, TRACK_TITLE, DURATION) VALUES (254, 2021, 'What?', 329);
INSERT INTO MUSIC_TRACKS (TRACK_ID, RECORDING_ID, TRACK_TITLE, DURATION) VALUES (255, 2021, 'Scenario', 239);
INSERT INTO MUSIC_TRACKS (TRACK_ID, RECORDING_ID, TRACK_TITLE, DURATION) VALUES (256, 2022, 'Intro', 184);
INSERT INTO MUSIC_TRACKS (TRACK_ID, RECORDING_ID, TRACK_TITLE, DURATION) VALUES (257, 2022, 'Y`All Know', 328);
INSERT INTO MUSIC_TRACKS (TRACK_ID, RECORDING_ID, TRACK_TITLE, DURATION) VALUES (258, 2022, 'Gettin` Jiggy Wit It', 215);
INSERT INTO MUSIC_TRACKS (TRACK_ID, RECORDING_ID, TRACK_TITLE, DURATION) VALUES (259, 2022, 'Candy - (featuring Larry Blackmon/Cameo)', 291);
INSERT INTO MUSIC_TRACKS (TRACK_ID, RECORDING_ID, TRACK_TITLE, DURATION) VALUES (260, 2022, 'Chasing Forever', 355);
INSERT INTO MUSIC_TRACKS (TRACK_ID, RECORDING_ID, TRACK_TITLE, DURATION) VALUES (261, 2022, 'Keith B-Real I - (interlude)', 185);
INSERT INTO MUSIC_TRACKS (TRACK_ID, RECORDING_ID, TRACK_TITLE, DURATION) VALUES (262, 2022, 'Don`t Say Nothing', 286);
INSERT INTO MUSIC_TRACKS (TRACK_ID, RECORDING_ID, TRACK_TITLE, DURATION) VALUES (263, 2022, 'Miami', 347);
INSERT INTO MUSIC_TRACKS (TRACK_ID, RECORDING_ID, TRACK_TITLE, DURATION) VALUES (264, 2022, 'Yes Yes Y`all - (featuring Camp Lo)', 248);
INSERT INTO MUSIC_TRACKS (TRACK_ID, RECORDING_ID, TRACK_TITLE, DURATION) VALUES (265, 2022, 'I Loved You', 285);
INSERT INTO MUSIC_TRACKS (TRACK_ID, RECORDING_ID, TRACK_TITLE, DURATION) VALUES (266, 2022, 'Keith B-Real II - (interlude)', 215);
INSERT INTO MUSIC_TRACKS (TRACK_ID, RECORDING_ID, TRACK_TITLE, DURATION) VALUES (267, 2022, 'It`s All Good', 287);
INSERT INTO MUSIC_TRACKS (TRACK_ID, RECORDING_ID, TRACK_TITLE, DURATION) VALUES (268, 2022, 'Just The Two Of Us', 322);
INSERT INTO MUSIC_TRACKS (TRACK_ID, RECORDING_ID, TRACK_TITLE, DURATION) VALUES (269, 2022, 'Keith B-Real III - (interlude)', 225);
INSERT INTO MUSIC_TRACKS (TRACK_ID, RECORDING_ID, TRACK_TITLE, DURATION) VALUES (270, 2022, 'Big Willie Style - (featuring Left Eye)', 275);
INSERT INTO MUSIC_TRACKS (TRACK_ID, RECORDING_ID, TRACK_TITLE, DURATION) VALUES (271, 2022, 'Men In Black', 203);
INSERT INTO MUSIC_TRACKS (TRACK_ID, RECORDING_ID, TRACK_TITLE, DURATION) VALUES (272, 2023, 'Blue and Boogie', 334);
INSERT INTO MUSIC_TRACKS (TRACK_ID, RECORDING_ID, TRACK_TITLE, DURATION) VALUES (273, 2023, 'Groovin` High', 348);
INSERT INTO MUSIC_TRACKS (TRACK_ID, RECORDING_ID, TRACK_TITLE, DURATION) VALUES (274, 2023, 'Dizzy Atmosphere', 260);
INSERT INTO MUSIC_TRACKS (TRACK_ID, RECORDING_ID, TRACK_TITLE, DURATION) VALUES (275, 2023, 'All The Things You Are', 194);
INSERT INTO MUSIC_TRACKS (TRACK_ID, RECORDING_ID, TRACK_TITLE, DURATION) VALUES (276, 2023, 'Salt Peanuts', 227);
INSERT INTO MUSIC_TRACKS (TRACK_ID, RECORDING_ID, TRACK_TITLE, DURATION) VALUES (277, 2023, 'Hot House', 251);
INSERT INTO MUSIC_TRACKS (TRACK_ID, RECORDING_ID, TRACK_TITLE, DURATION) VALUES (278, 2023, 'Oop Bop Sh`Bam', 330);
INSERT INTO MUSIC_TRACKS (TRACK_ID, RECORDING_ID, TRACK_TITLE, DURATION) VALUES (279, 2023, 'That`s Earl Brother', 306);
INSERT INTO MUSIC_TRACKS (TRACK_ID, RECORDING_ID, TRACK_TITLE, DURATION) VALUES (280, 2023, 'Our Delight', 271);
INSERT INTO MUSIC_TRACKS (TRACK_ID, RECORDING_ID, TRACK_TITLE, DURATION) VALUES (281, 2023, 'One Bass Hit (Part 2)', 335);
INSERT INTO MUSIC_TRACKS (TRACK_ID, RECORDING_ID, TRACK_TITLE, DURATION) VALUES (282, 2023, 'Things To Come', 308);
INSERT INTO MUSIC_TRACKS (TRACK_ID, RECORDING_ID, TRACK_TITLE, DURATION) VALUES (283, 2023, 'Ray`s Idea', 254);
INSERT INTO MUSIC_TRACKS (TRACK_ID, RECORDING_ID, TRACK_TITLE, DURATION) VALUES (284, 2023, 'Emanon', 235);
INSERT INTO MUSIC_TRACKS (TRACK_ID, RECORDING_ID, TRACK_TITLE, DURATION) VALUES (285, 2024, 'Stairway To The Stars - (bonus track)', 336);
INSERT INTO MUSIC_TRACKS (TRACK_ID, RECORDING_ID, TRACK_TITLE, DURATION) VALUES (286, 2024, 'The Late Blues', 351);
INSERT INTO MUSIC_TRACKS (TRACK_ID, RECORDING_ID, TRACK_TITLE, DURATION) VALUES (287, 2024, 'Bags And Trane', 245);
INSERT INTO MUSIC_TRACKS (TRACK_ID, RECORDING_ID, TRACK_TITLE, DURATION) VALUES (288, 2024, 'Three Little Words', 238);
INSERT INTO MUSIC_TRACKS (TRACK_ID, RECORDING_ID, TRACK_TITLE, DURATION) VALUES (289, 2024, 'The Night We Called It A Day', 201);
INSERT INTO MUSIC_TRACKS (TRACK_ID, RECORDING_ID, TRACK_TITLE, DURATION) VALUES (290, 2024, 'Be-Bop', 240);
INSERT INTO MUSIC_TRACKS (TRACK_ID, RECORDING_ID, TRACK_TITLE, DURATION) VALUES (291, 2024, 'Blues Legacy - (bonus track)', 311);
INSERT INTO MUSIC_TRACKS (TRACK_ID, RECORDING_ID, TRACK_TITLE, DURATION) VALUES (292, 2024, 'Centerpiece - (bonus track)', 225);
INSERT INTO MUSIC_TRACKS (TRACK_ID, RECORDING_ID, TRACK_TITLE, DURATION) VALUES (293, 2025, 'The Joy Of Life', 240);
INSERT INTO MUSIC_TRACKS (TRACK_ID, RECORDING_ID, TRACK_TITLE, DURATION) VALUES (294, 2025, 'Forever In Love', 241);
INSERT INTO MUSIC_TRACKS (TRACK_ID, RECORDING_ID, TRACK_TITLE, DURATION) VALUES (295, 2025, 'In The Rain', 228);
INSERT INTO MUSIC_TRACKS (TRACK_ID, RECORDING_ID, TRACK_TITLE, DURATION) VALUES (296, 2025, 'Sentimental', 337);
INSERT INTO MUSIC_TRACKS (TRACK_ID, RECORDING_ID, TRACK_TITLE, DURATION) VALUES (297, 2025, 'By The Time This Night Is Over - (w/Peabo Bryson)', 251);
INSERT INTO MUSIC_TRACKS (TRACK_ID, RECORDING_ID, TRACK_TITLE, DURATION) VALUES (298, 2025, 'End Of The Night', 356);
INSERT INTO MUSIC_TRACKS (TRACK_ID, RECORDING_ID, TRACK_TITLE, DURATION) VALUES (299, 2025, 'Alone', 194);
INSERT INTO MUSIC_TRACKS (TRACK_ID, RECORDING_ID, TRACK_TITLE, DURATION) VALUES (300, 2025, 'Morning', 191);
INSERT INTO MUSIC_TRACKS (TRACK_ID, RECORDING_ID, TRACK_TITLE, DURATION) VALUES (301, 2025, 'Even If My Heart Would Break - (w/Aaron Neville)', 346);
INSERT INTO MUSIC_TRACKS (TRACK_ID, RECORDING_ID, TRACK_TITLE, DURATION) VALUES (302, 2025, 'G-Bop', 218);
INSERT INTO MUSIC_TRACKS (TRACK_ID, RECORDING_ID, TRACK_TITLE, DURATION) VALUES (303, 2025, 'Sister Rose', 277);
INSERT INTO MUSIC_TRACKS (TRACK_ID, RECORDING_ID, TRACK_TITLE, DURATION) VALUES (304, 2025, 'A Year Ago', 307);
INSERT INTO MUSIC_TRACKS (TRACK_ID, RECORDING_ID, TRACK_TITLE, DURATION) VALUES (305, 2025, 'Homeland', 334);
INSERT INTO MUSIC_TRACKS (TRACK_ID, RECORDING_ID, TRACK_TITLE, DURATION) VALUES (306, 2026, 'Move', 314);
INSERT INTO MUSIC_TRACKS (TRACK_ID, RECORDING_ID, TRACK_TITLE, DURATION) VALUES (307, 2026, 'Jeru', 222);
INSERT INTO MUSIC_TRACKS (TRACK_ID, RECORDING_ID, TRACK_TITLE, DURATION) VALUES (308, 2026, 'Moon Dreams', 351);
INSERT INTO MUSIC_TRACKS (TRACK_ID, RECORDING_ID, TRACK_TITLE, DURATION) VALUES (309, 2026, 'Venus De Milo', 206);
INSERT INTO MUSIC_TRACKS (TRACK_ID, RECORDING_ID, TRACK_TITLE, DURATION) VALUES (310, 2026, 'Budo', 230);
INSERT INTO MUSIC_TRACKS (TRACK_ID, RECORDING_ID, TRACK_TITLE, DURATION) VALUES (311, 2026, 'Deception', 341);
INSERT INTO MUSIC_TRACKS (TRACK_ID, RECORDING_ID, TRACK_TITLE, DURATION) VALUES (312, 2026, 'Godchild', 285);
INSERT INTO MUSIC_TRACKS (TRACK_ID, RECORDING_ID, TRACK_TITLE, DURATION) VALUES (313, 2026, 'Boplicity', 303);
INSERT INTO MUSIC_TRACKS (TRACK_ID, RECORDING_ID, TRACK_TITLE, DURATION) VALUES (314, 2026, 'Rocker', 195);
INSERT INTO MUSIC_TRACKS (TRACK_ID, RECORDING_ID, TRACK_TITLE, DURATION) VALUES (315, 2026, 'Israel', 340);
INSERT INTO MUSIC_TRACKS (TRACK_ID, RECORDING_ID, TRACK_TITLE, DURATION) VALUES (316, 2026, 'Rouge', 193);
INSERT INTO MUSIC_TRACKS (TRACK_ID, RECORDING_ID, TRACK_TITLE, DURATION) VALUES (317, 2026, 'Darn That Dream', 239);
INSERT INTO MUSIC_TRACKS (TRACK_ID, RECORDING_ID, TRACK_TITLE, DURATION) VALUES (318, 2027, 'Touch Of Heaven', 236);
INSERT INTO MUSIC_TRACKS (TRACK_ID, RECORDING_ID, TRACK_TITLE, DURATION) VALUES (319, 2027, 'I Adore Mi Amore', 286);
INSERT INTO MUSIC_TRACKS (TRACK_ID, RECORDING_ID, TRACK_TITLE, DURATION) VALUES (320, 2027, 'Just An Illusion', 284);
INSERT INTO MUSIC_TRACKS (TRACK_ID, RECORDING_ID, TRACK_TITLE, DURATION) VALUES (321, 2027, 'Breezy', 227);
INSERT INTO MUSIC_TRACKS (TRACK_ID, RECORDING_ID, TRACK_TITLE, DURATION) VALUES (322, 2027, 'All I Ever Ask', 202);
INSERT INTO MUSIC_TRACKS (TRACK_ID, RECORDING_ID, TRACK_TITLE, DURATION) VALUES (323, 2027, 'Noah`s Ark', 232);
INSERT INTO MUSIC_TRACKS (TRACK_ID, RECORDING_ID, TRACK_TITLE, DURATION) VALUES (324, 2027, 'Loving Every Moment', 234);
INSERT INTO MUSIC_TRACKS (TRACK_ID, RECORDING_ID, TRACK_TITLE, DURATION) VALUES (325, 2027, 'Burn It Up', 225);
INSERT INTO MUSIC_TRACKS (TRACK_ID, RECORDING_ID, TRACK_TITLE, DURATION) VALUES (326, 2027, 'Skyline', 351);
INSERT INTO MUSIC_TRACKS (TRACK_ID, RECORDING_ID, TRACK_TITLE, DURATION) VALUES (327, 2027, 'Deep Inside Your Love', 290);
INSERT INTO MUSIC_TRACKS (TRACK_ID, RECORDING_ID, TRACK_TITLE, DURATION) VALUES (328, 2027, 'Here We Go', 234);
INSERT INTO MUSIC_TRACKS (TRACK_ID, RECORDING_ID, TRACK_TITLE, DURATION) VALUES (329, 2027, 'Until We Meet Again', 327);
INSERT INTO MUSIC_TRACKS (TRACK_ID, RECORDING_ID, TRACK_TITLE, DURATION) VALUES (330, 2027, 'Whenever We`re Together', 233);
INSERT INTO MUSIC_TRACKS (TRACK_ID, RECORDING_ID, TRACK_TITLE, DURATION) VALUES (331, 2028, 'We`ve Got It Going On', 234);
INSERT INTO MUSIC_TRACKS (TRACK_ID, RECORDING_ID, TRACK_TITLE, DURATION) VALUES (332, 2028, 'Quit Playing Games', 255);
INSERT INTO MUSIC_TRACKS (TRACK_ID, RECORDING_ID, TRACK_TITLE, DURATION) VALUES (333, 2028, 'As Long As You Love Me', 266);
INSERT INTO MUSIC_TRACKS (TRACK_ID, RECORDING_ID, TRACK_TITLE, DURATION) VALUES (334, 2028, 'Everybody... Backstreet`s Back', 277);
INSERT INTO MUSIC_TRACKS (TRACK_ID, RECORDING_ID, TRACK_TITLE, DURATION) VALUES (335, 2028, 'All I Have To Give', 288);
INSERT INTO MUSIC_TRACKS (TRACK_ID, RECORDING_ID, TRACK_TITLE, DURATION) VALUES (336, 2028, 'Anywhere For You', 299);
INSERT INTO MUSIC_TRACKS (TRACK_ID, RECORDING_ID, TRACK_TITLE, DURATION) VALUES (337, 2028, 'Hey Mr. DJ', 200);
INSERT INTO MUSIC_TRACKS (TRACK_ID, RECORDING_ID, TRACK_TITLE, DURATION) VALUES (338, 2028, 'I`ll Never Break Your Heart', 210);
INSERT INTO MUSIC_TRACKS (TRACK_ID, RECORDING_ID, TRACK_TITLE, DURATION) VALUES (339, 2028, 'Darlin`', 220);
INSERT INTO MUSIC_TRACKS (TRACK_ID, RECORDING_ID, TRACK_TITLE, DURATION) VALUES (340, 2028, 'Get Down', 230);
INSERT INTO MUSIC_TRACKS (TRACK_ID, RECORDING_ID, TRACK_TITLE, DURATION) VALUES (341, 2028, 'Set Adrift On Memory Bliss', 234);
INSERT INTO MUSIC_TRACKS (TRACK_ID, RECORDING_ID, TRACK_TITLE, DURATION) VALUES (342, 2028, 'If You Want It To Be Good Girl', 250);
INSERT INTO MUSIC_TRACKS (TRACK_ID, RECORDING_ID, TRACK_TITLE, DURATION) VALUES (343, 2029, 'Screaming Skin', 275);
INSERT INTO MUSIC_TRACKS (TRACK_ID, RECORDING_ID, TRACK_TITLE, DURATION) VALUES (344, 2029, 'Forgive And Forget', 291);
INSERT INTO MUSIC_TRACKS (TRACK_ID, RECORDING_ID, TRACK_TITLE, DURATION) VALUES (345, 2029, 'Maria', 356);
INSERT INTO MUSIC_TRACKS (TRACK_ID, RECORDING_ID, TRACK_TITLE, DURATION) VALUES (346, 2029, 'No Exit', 346);
INSERT INTO MUSIC_TRACKS (TRACK_ID, RECORDING_ID, TRACK_TITLE, DURATION) VALUES (347, 2029, 'Double Take', 312);
INSERT INTO MUSIC_TRACKS (TRACK_ID, RECORDING_ID, TRACK_TITLE, DURATION) VALUES (348, 2029, 'Nothing Is Real But The Girl', 313);
INSERT INTO MUSIC_TRACKS (TRACK_ID, RECORDING_ID, TRACK_TITLE, DURATION) VALUES (349, 2029, 'Boom Boom In The Zoom Zoom Room', 187);
INSERT INTO MUSIC_TRACKS (TRACK_ID, RECORDING_ID, TRACK_TITLE, DURATION) VALUES (350, 2029, 'Night Wind Sent', 344);
INSERT INTO MUSIC_TRACKS (TRACK_ID, RECORDING_ID, TRACK_TITLE, DURATION) VALUES (351, 2029, 'Under The Gun', 278);
INSERT INTO MUSIC_TRACKS (TRACK_ID, RECORDING_ID, TRACK_TITLE, DURATION) VALUES (352, 2029, 'Out In The Streets', 243);
INSERT INTO MUSIC_TRACKS (TRACK_ID, RECORDING_ID, TRACK_TITLE, DURATION) VALUES (353, 2029, 'Happy Dog (For Caggy)', 247);
INSERT INTO MUSIC_TRACKS (TRACK_ID, RECORDING_ID, TRACK_TITLE, DURATION) VALUES (354, 2029, 'The Dream`s Lost On Me', 240);
INSERT INTO MUSIC_TRACKS (TRACK_ID, RECORDING_ID, TRACK_TITLE, DURATION) VALUES (355, 2029, 'Divine', 235);
INSERT INTO MUSIC_TRACKS (TRACK_ID, RECORDING_ID, TRACK_TITLE, DURATION) VALUES (356, 2029, 'Dig Up The Conjo', 203);
INSERT INTO MUSIC_TRACKS (TRACK_ID, RECORDING_ID, TRACK_TITLE, DURATION) VALUES (357, 2030, 'Believe', 190);
INSERT INTO MUSIC_TRACKS (TRACK_ID, RECORDING_ID, TRACK_TITLE, DURATION) VALUES (358, 2030, 'Power', 200);
INSERT INTO MUSIC_TRACKS (TRACK_ID, RECORDING_ID, TRACK_TITLE, DURATION) VALUES (359, 2030, 'Runaway', 260);
INSERT INTO MUSIC_TRACKS (TRACK_ID, RECORDING_ID, TRACK_TITLE, DURATION) VALUES (360, 2030, 'All Or Nothing', 230);
INSERT INTO MUSIC_TRACKS (TRACK_ID, RECORDING_ID, TRACK_TITLE, DURATION) VALUES (361, 2030, 'Strong Enough', 222);
INSERT INTO MUSIC_TRACKS (TRACK_ID, RECORDING_ID, TRACK_TITLE, DURATION) VALUES (362, 2030, 'Takin Back My Heart', 277);
INSERT INTO MUSIC_TRACKS (TRACK_ID, RECORDING_ID, TRACK_TITLE, DURATION) VALUES (363, 2030, 'Taxi Taxi', 180);
INSERT INTO MUSIC_TRACKS (TRACK_ID, RECORDING_ID, TRACK_TITLE, DURATION) VALUES (364, 2030, 'Love Is The Groove', 199);
INSERT INTO MUSIC_TRACKS (TRACK_ID, RECORDING_ID, TRACK_TITLE, DURATION) VALUES (365, 2030, 'We All Sleep Alone', 200);
INSERT INTO MUSIC_TRACKS (TRACK_ID, RECORDING_ID, TRACK_TITLE, DURATION) VALUES (366, 2031, 'Drowned World', 280);
INSERT INTO MUSIC_TRACKS (TRACK_ID, RECORDING_ID, TRACK_TITLE, DURATION) VALUES (367, 2031, 'Substitute For Love', 333);
INSERT INTO MUSIC_TRACKS (TRACK_ID, RECORDING_ID, TRACK_TITLE, DURATION) VALUES (368, 2031, 'Swim', 300);
INSERT INTO MUSIC_TRACKS (TRACK_ID, RECORDING_ID, TRACK_TITLE, DURATION) VALUES (369, 2031, 'Ray Of Light', 265);
INSERT INTO MUSIC_TRACKS (TRACK_ID, RECORDING_ID, TRACK_TITLE, DURATION) VALUES (370, 2031, 'Candy Perfume Girl', 229);
INSERT INTO MUSIC_TRACKS (TRACK_ID, RECORDING_ID, TRACK_TITLE, DURATION) VALUES (371, 2031, 'Skin', 332);
INSERT INTO MUSIC_TRACKS (TRACK_ID, RECORDING_ID, TRACK_TITLE, DURATION) VALUES (372, 2031, 'Nothing Really Matters', 207);
INSERT INTO MUSIC_TRACKS (TRACK_ID, RECORDING_ID, TRACK_TITLE, DURATION) VALUES (373, 2031, 'Sky Fits Heaven', 225);
INSERT INTO MUSIC_TRACKS (TRACK_ID, RECORDING_ID, TRACK_TITLE, DURATION) VALUES (374, 2031, 'Shanti', 326);
INSERT INTO MUSIC_TRACKS (TRACK_ID, RECORDING_ID, TRACK_TITLE, DURATION) VALUES (375, 2031, 'Ashtangi', 218);
INSERT INTO MUSIC_TRACKS (TRACK_ID, RECORDING_ID, TRACK_TITLE, DURATION) VALUES (376, 2031, 'Frozen', 334);
INSERT INTO MUSIC_TRACKS (TRACK_ID, RECORDING_ID, TRACK_TITLE, DURATION) VALUES (377, 2031, 'The Power Of Good-Bye', 215);
INSERT INTO MUSIC_TRACKS (TRACK_ID, RECORDING_ID, TRACK_TITLE, DURATION) VALUES (378, 2031, 'To Have And Not To Hold', 319);
INSERT INTO MUSIC_TRACKS (TRACK_ID, RECORDING_ID, TRACK_TITLE, DURATION) VALUES (379, 2031, 'Little Star', 258);
INSERT INTO MUSIC_TRACKS (TRACK_ID, RECORDING_ID, TRACK_TITLE, DURATION) VALUES (380, 2031, 'Mer Girl', 237);
INSERT INTO MUSIC_TRACKS (TRACK_ID, RECORDING_ID, TRACK_TITLE, DURATION) VALUES (381, 2032, 'Who Can It Be Now', 220);
INSERT INTO MUSIC_TRACKS (TRACK_ID, RECORDING_ID, TRACK_TITLE, DURATION) VALUES (382, 2032, 'I Can See It In Your Eyes', 250);
INSERT INTO MUSIC_TRACKS (TRACK_ID, RECORDING_ID, TRACK_TITLE, DURATION) VALUES (383, 2032, 'Down Under', 233);
INSERT INTO MUSIC_TRACKS (TRACK_ID, RECORDING_ID, TRACK_TITLE, DURATION) VALUES (384, 2032, 'Underground', 244);
INSERT INTO MUSIC_TRACKS (TRACK_ID, RECORDING_ID, TRACK_TITLE, DURATION) VALUES (385, 2032, 'Helpless Automation', 277);
INSERT INTO MUSIC_TRACKS (TRACK_ID, RECORDING_ID, TRACK_TITLE, DURATION) VALUES (386, 2032, 'People Just Love To Play With Words', 211);
INSERT INTO MUSIC_TRACKS (TRACK_ID, RECORDING_ID, TRACK_TITLE, DURATION) VALUES (387, 2032, 'Be Good Johnny', 202);
INSERT INTO MUSIC_TRACKS (TRACK_ID, RECORDING_ID, TRACK_TITLE, DURATION) VALUES (388, 2032, 'Down By The Sea', 190);
INSERT INTO MUSIC_TRACKS (TRACK_ID, RECORDING_ID, TRACK_TITLE, DURATION) VALUES (389, 2032, 'Touching The Untouchables', 222);
INSERT INTO MUSIC_TRACKS (TRACK_ID, RECORDING_ID, TRACK_TITLE, DURATION) VALUES (390, 2032, 'Catch A Star', 233);
INSERT INTO MUSIC_TRACKS (TRACK_ID, RECORDING_ID, TRACK_TITLE, DURATION) VALUES (391, 2033, 'Wanna Be Starting Somethin`', 233);
INSERT INTO MUSIC_TRACKS (TRACK_ID, RECORDING_ID, TRACK_TITLE, DURATION) VALUES (392, 2033, 'Baby Be Mine', 244);
INSERT INTO MUSIC_TRACKS (TRACK_ID, RECORDING_ID, TRACK_TITLE, DURATION) VALUES (393, 2033, 'Girl Is Mine', 199);
INSERT INTO MUSIC_TRACKS (TRACK_ID, RECORDING_ID, TRACK_TITLE, DURATION) VALUES (394, 2033, 'Thriller', 201);
INSERT INTO MUSIC_TRACKS (TRACK_ID, RECORDING_ID, TRACK_TITLE, DURATION) VALUES (395, 2033, 'Beat It', 222);
INSERT INTO MUSIC_TRACKS (TRACK_ID, RECORDING_ID, TRACK_TITLE, DURATION) VALUES (396, 2033, 'Billie Jean', 255);
INSERT INTO MUSIC_TRACKS (TRACK_ID, RECORDING_ID, TRACK_TITLE, DURATION) VALUES (397, 2033, 'Human Nature', 201);
INSERT INTO MUSIC_TRACKS (TRACK_ID, RECORDING_ID, TRACK_TITLE, DURATION) VALUES (398, 2033, 'P.Y.T. (Pretty Young Thing)', 210);
INSERT INTO MUSIC_TRACKS (TRACK_ID, RECORDING_ID, TRACK_TITLE, DURATION) VALUES (399, 2033, 'Lady In My Life', 250);
INSERT INTO MUSIC_TRACKS (TRACK_ID, RECORDING_ID, TRACK_TITLE, DURATION) VALUES (400, 2034, 'Wannabe', 220);
INSERT INTO MUSIC_TRACKS (TRACK_ID, RECORDING_ID, TRACK_TITLE, DURATION) VALUES (401, 2034, 'Say You`ll Be There', 230);
INSERT INTO MUSIC_TRACKS (TRACK_ID, RECORDING_ID, TRACK_TITLE, DURATION) VALUES (402, 2034, '2 Become 1', 250);
INSERT INTO MUSIC_TRACKS (TRACK_ID, RECORDING_ID, TRACK_TITLE, DURATION) VALUES (403, 2034, 'Love Thing', 270);
INSERT INTO MUSIC_TRACKS (TRACK_ID, RECORDING_ID, TRACK_TITLE, DURATION) VALUES (404, 2034, 'Last Time Lover', 220);
INSERT INTO MUSIC_TRACKS (TRACK_ID, RECORDING_ID, TRACK_TITLE, DURATION) VALUES (405, 2034, 'Mama', 255);
INSERT INTO MUSIC_TRACKS (TRACK_ID, RECORDING_ID, TRACK_TITLE, DURATION) VALUES (406, 2034, 'Who Do You Think You Are', 251);
INSERT INTO MUSIC_TRACKS (TRACK_ID, RECORDING_ID, TRACK_TITLE, DURATION) VALUES (407, 2034, 'Something Kinda Funny', 277);
INSERT INTO MUSIC_TRACKS (TRACK_ID, RECORDING_ID, TRACK_TITLE, DURATION) VALUES (408, 2034, 'Naked', 180);
INSERT INTO MUSIC_TRACKS (TRACK_ID, RECORDING_ID, TRACK_TITLE, DURATION) VALUES (409, 2034, 'If U Can`t Dance', 190);
INSERT INTO MUSIC_TRACKS (TRACK_ID, RECORDING_ID, TRACK_TITLE, DURATION) VALUES (410, 2035, 'Wake Me Up Before You Go-Go', 200);
INSERT INTO MUSIC_TRACKS (TRACK_ID, RECORDING_ID, TRACK_TITLE, DURATION) VALUES (411, 2035, 'Everything She Wants', 199);
INSERT INTO MUSIC_TRACKS (TRACK_ID, RECORDING_ID, TRACK_TITLE, DURATION) VALUES (412, 2035, 'Heartbeat', 236);
INSERT INTO MUSIC_TRACKS (TRACK_ID, RECORDING_ID, TRACK_TITLE, DURATION) VALUES (413, 2035, 'Like A Baby', 220);
INSERT INTO MUSIC_TRACKS (TRACK_ID, RECORDING_ID, TRACK_TITLE, DURATION) VALUES (414, 2035, 'Freedom', 250);
INSERT INTO MUSIC_TRACKS (TRACK_ID, RECORDING_ID, TRACK_TITLE, DURATION) VALUES (415, 2035, 'If You Were There', 260);
INSERT INTO MUSIC_TRACKS (TRACK_ID, RECORDING_ID, TRACK_TITLE, DURATION) VALUES (416, 2035, 'Credit Card Baby', 270);
INSERT INTO MUSIC_TRACKS (TRACK_ID, RECORDING_ID, TRACK_TITLE, DURATION) VALUES (417, 2035, 'Careless Whisper', 290);
INSERT INTO MUSIC_TRACKS (TRACK_ID, RECORDING_ID, TRACK_TITLE, DURATION) VALUES (418, 2036, 'Thunder Road', 333);
INSERT INTO MUSIC_TRACKS (TRACK_ID, RECORDING_ID, TRACK_TITLE, DURATION) VALUES (419, 2036, 'Tenth Avenue Freeze-Out', 200);
INSERT INTO MUSIC_TRACKS (TRACK_ID, RECORDING_ID, TRACK_TITLE, DURATION) VALUES (420, 2036, 'Night', 220);
INSERT INTO MUSIC_TRACKS (TRACK_ID, RECORDING_ID, TRACK_TITLE, DURATION) VALUES (421, 2036, 'Backstreets', 240);
INSERT INTO MUSIC_TRACKS (TRACK_ID, RECORDING_ID, TRACK_TITLE, DURATION) VALUES (422, 2036, 'Born To Run', 260);
INSERT INTO MUSIC_TRACKS (TRACK_ID, RECORDING_ID, TRACK_TITLE, DURATION) VALUES (423, 2036, 'She`s The One', 270);
INSERT INTO MUSIC_TRACKS (TRACK_ID, RECORDING_ID, TRACK_TITLE, DURATION) VALUES (424, 2036, 'Meeting Across The River', 280);
INSERT INTO MUSIC_TRACKS (TRACK_ID, RECORDING_ID, TRACK_TITLE, DURATION) VALUES (425, 2036, 'Javaland', 290);
INSERT INTO MUSIC_TRACKS (TRACK_ID, RECORDING_ID, TRACK_TITLE, DURATION) VALUES (426, 2037, 'Born In The U.S.A', 310);
INSERT INTO MUSIC_TRACKS (TRACK_ID, RECORDING_ID, TRACK_TITLE, DURATION) VALUES (427, 2037, 'Cover Me', 333);
INSERT INTO MUSIC_TRACKS (TRACK_ID, RECORDING_ID, TRACK_TITLE, DURATION) VALUES (428, 2037, 'Darlington County', 288);
INSERT INTO MUSIC_TRACKS (TRACK_ID, RECORDING_ID, TRACK_TITLE, DURATION) VALUES (429, 2037, 'Working On The Highway', 299);
INSERT INTO MUSIC_TRACKS (TRACK_ID, RECORDING_ID, TRACK_TITLE, DURATION) VALUES (430, 2037, 'Downbound Train', 220);
INSERT INTO MUSIC_TRACKS (TRACK_ID, RECORDING_ID, TRACK_TITLE, DURATION) VALUES (431, 2037, 'Java`s On Fire', 230);
INSERT INTO MUSIC_TRACKS (TRACK_ID, RECORDING_ID, TRACK_TITLE, DURATION) VALUES (432, 2037, 'No Surrender', 245);
INSERT INTO MUSIC_TRACKS (TRACK_ID, RECORDING_ID, TRACK_TITLE, DURATION) VALUES (433, 2037, 'Bobby Jean', 265);
INSERT INTO MUSIC_TRACKS (TRACK_ID, RECORDING_ID, TRACK_TITLE, DURATION) VALUES (434, 2037, 'I`m Going Down', 275);
INSERT INTO MUSIC_TRACKS (TRACK_ID, RECORDING_ID, TRACK_TITLE, DURATION) VALUES (435, 2037, 'Glory Days', 285);
INSERT INTO MUSIC_TRACKS (TRACK_ID, RECORDING_ID, TRACK_TITLE, DURATION) VALUES (436, 2037, 'Dancing In The Dark', 266);
INSERT INTO MUSIC_TRACKS (TRACK_ID, RECORDING_ID, TRACK_TITLE, DURATION) VALUES (437, 2037, 'My Hometown', 375);
INSERT INTO MUSIC_TRACKS (TRACK_ID, RECORDING_ID, TRACK_TITLE, DURATION) VALUES (438, 2038, 'Signe', 275);
INSERT INTO MUSIC_TRACKS (TRACK_ID, RECORDING_ID, TRACK_TITLE, DURATION) VALUES (439, 2038, 'Before You Accuse Me', 200);
INSERT INTO MUSIC_TRACKS (TRACK_ID, RECORDING_ID, TRACK_TITLE, DURATION) VALUES (440, 2038, 'Hey Hey', 230);
INSERT INTO MUSIC_TRACKS (TRACK_ID, RECORDING_ID, TRACK_TITLE, DURATION) VALUES (441, 2038, 'Tears In Heaven', 250);
INSERT INTO MUSIC_TRACKS (TRACK_ID, RECORDING_ID, TRACK_TITLE, DURATION) VALUES (442, 2038, 'Lonely Stranger', 201);
INSERT INTO MUSIC_TRACKS (TRACK_ID, RECORDING_ID, TRACK_TITLE, DURATION) VALUES (443, 2038, 'Nobody Knows You', 188);
INSERT INTO MUSIC_TRACKS (TRACK_ID, RECORDING_ID, TRACK_TITLE, DURATION) VALUES (444, 2038, 'Layla', 244);
INSERT INTO MUSIC_TRACKS (TRACK_ID, RECORDING_ID, TRACK_TITLE, DURATION) VALUES (445, 2038, 'Running On Faith', 277);
INSERT INTO MUSIC_TRACKS (TRACK_ID, RECORDING_ID, TRACK_TITLE, DURATION) VALUES (446, 2038, 'Walking Blues', 233);
INSERT INTO MUSIC_TRACKS (TRACK_ID, RECORDING_ID, TRACK_TITLE, DURATION) VALUES (447, 2038, 'Alberta', 210);
INSERT INTO MUSIC_TRACKS (TRACK_ID, RECORDING_ID, TRACK_TITLE, DURATION) VALUES (448, 2038, 'San Francisco Bay Blues', 202);
INSERT INTO MUSIC_TRACKS (TRACK_ID, RECORDING_ID, TRACK_TITLE, DURATION) VALUES (449, 2038, 'Malted Java', 233);
INSERT INTO MUSIC_TRACKS (TRACK_ID, RECORDING_ID, TRACK_TITLE, DURATION) VALUES (450, 2038, 'Old Love', 255);
INSERT INTO MUSIC_TRACKS (TRACK_ID, RECORDING_ID, TRACK_TITLE, DURATION) VALUES (451, 2038, 'Rollin` and Tumblin', 255);
INSERT INTO MUSIC_TRACKS (TRACK_ID, RECORDING_ID, TRACK_TITLE, DURATION) VALUES (452, 2039, 'Purple Haze', 202);
INSERT INTO MUSIC_TRACKS (TRACK_ID, RECORDING_ID, TRACK_TITLE, DURATION) VALUES (453, 2039, 'Manic Depression', 290);
INSERT INTO MUSIC_TRACKS (TRACK_ID, RECORDING_ID, TRACK_TITLE, DURATION) VALUES (454, 2039, 'Hey Joe', 180);
INSERT INTO MUSIC_TRACKS (TRACK_ID, RECORDING_ID, TRACK_TITLE, DURATION) VALUES (455, 2039, 'Love Of Confusion', 188);
INSERT INTO MUSIC_TRACKS (TRACK_ID, RECORDING_ID, TRACK_TITLE, DURATION) VALUES (456, 2039, 'May This Be Love', 244);
INSERT INTO MUSIC_TRACKS (TRACK_ID, RECORDING_ID, TRACK_TITLE, DURATION) VALUES (457, 2039, 'I Don`t Live Today', 233);
INSERT INTO MUSIC_TRACKS (TRACK_ID, RECORDING_ID, TRACK_TITLE, DURATION) VALUES (458, 2039, 'The Wind Cries Mary', 247);
INSERT INTO MUSIC_TRACKS (TRACK_ID, RECORDING_ID, TRACK_TITLE, DURATION) VALUES (459, 2039, 'Fire', 199);
INSERT INTO MUSIC_TRACKS (TRACK_ID, RECORDING_ID, TRACK_TITLE, DURATION) VALUES (460, 2039, 'Third Stone From The Sun', 266);
INSERT INTO MUSIC_TRACKS (TRACK_ID, RECORDING_ID, TRACK_TITLE, DURATION) VALUES (461, 2039, 'Foxey Lady', 204);
INSERT INTO MUSIC_TRACKS (TRACK_ID, RECORDING_ID, TRACK_TITLE, DURATION) VALUES (462, 2039, 'Are You Experienced?', 219);
INSERT INTO MUSIC_TRACKS (TRACK_ID, RECORDING_ID, TRACK_TITLE, DURATION) VALUES (463, 2039, 'Stone Free', 176);
INSERT INTO MUSIC_TRACKS (TRACK_ID, RECORDING_ID, TRACK_TITLE, DURATION) VALUES (464, 2039, '51st Anniversary', 206);
INSERT INTO MUSIC_TRACKS (TRACK_ID, RECORDING_ID, TRACK_TITLE, DURATION) VALUES (465, 2039, 'Highway Chile', 220);
INSERT INTO MUSIC_TRACKS (TRACK_ID, RECORDING_ID, TRACK_TITLE, DURATION) VALUES (466, 2039, 'Remember', 240);
INSERT INTO MUSIC_TRACKS (TRACK_ID, RECORDING_ID, TRACK_TITLE, DURATION) VALUES (467, 2039, 'Red House', 188);
INSERT INTO MUSIC_TRACKS (TRACK_ID, RECORDING_ID, TRACK_TITLE, DURATION) VALUES (468, 2040, 'Head Like A Hole', 230);
INSERT INTO MUSIC_TRACKS (TRACK_ID, RECORDING_ID, TRACK_TITLE, DURATION) VALUES (469, 2040, 'Terrible Lie', 211);
INSERT INTO MUSIC_TRACKS (TRACK_ID, RECORDING_ID, TRACK_TITLE, DURATION) VALUES (470, 2040, 'Down In It', 180);
INSERT INTO MUSIC_TRACKS (TRACK_ID, RECORDING_ID, TRACK_TITLE, DURATION) VALUES (471, 2040, 'Sanctified', 255);
INSERT INTO MUSIC_TRACKS (TRACK_ID, RECORDING_ID, TRACK_TITLE, DURATION) VALUES (472, 2040, 'Something I Can Never Have', 244);
INSERT INTO MUSIC_TRACKS (TRACK_ID, RECORDING_ID, TRACK_TITLE, DURATION) VALUES (473, 2040, 'Kinda I Want To', 202);
INSERT INTO MUSIC_TRACKS (TRACK_ID, RECORDING_ID, TRACK_TITLE, DURATION) VALUES (474, 2040, 'Sin', 205);
INSERT INTO MUSIC_TRACKS (TRACK_ID, RECORDING_ID, TRACK_TITLE, DURATION) VALUES (475, 2040, 'That`s What I Get', 180);
INSERT INTO MUSIC_TRACKS (TRACK_ID, RECORDING_ID, TRACK_TITLE, DURATION) VALUES (476, 2040, 'Only Time', 221);
INSERT INTO MUSIC_TRACKS (TRACK_ID, RECORDING_ID, TRACK_TITLE, DURATION) VALUES (477, 2040, 'Ring Finger', 250);
INSERT INTO MUSIC_TRACKS (TRACK_ID, RECORDING_ID, TRACK_TITLE, DURATION) VALUES (478, 2041, 'Session', 277);
INSERT INTO MUSIC_TRACKS (TRACK_ID, RECORDING_ID, TRACK_TITLE, DURATION) VALUES (479, 2041, 'We Are One', 180);
INSERT INTO MUSIC_TRACKS (TRACK_ID, RECORDING_ID, TRACK_TITLE, DURATION) VALUES (480, 2041, 'Kick Him When He`s Down', 233);
INSERT INTO MUSIC_TRACKS (TRACK_ID, RECORDING_ID, TRACK_TITLE, DURATION) VALUES (481, 2041, 'Take It Like A Man', 187);
INSERT INTO MUSIC_TRACKS (TRACK_ID, RECORDING_ID, TRACK_TITLE, DURATION) VALUES (482, 2041, 'Get It Right', 199);
INSERT INTO MUSIC_TRACKS (TRACK_ID, RECORDING_ID, TRACK_TITLE, DURATION) VALUES (483, 2041, 'Dirty Magic', 220);
INSERT INTO MUSIC_TRACKS (TRACK_ID, RECORDING_ID, TRACK_TITLE, DURATION) VALUES (484, 2041, 'Hypodermic', 210);
INSERT INTO MUSIC_TRACKS (TRACK_ID, RECORDING_ID, TRACK_TITLE, DURATION) VALUES (485, 2041, 'Burn It Up', 250);
INSERT INTO MUSIC_TRACKS (TRACK_ID, RECORDING_ID, TRACK_TITLE, DURATION) VALUES (486, 2041, 'L.A.P.D', 222);
INSERT INTO MUSIC_TRACKS (TRACK_ID, RECORDING_ID, TRACK_TITLE, DURATION) VALUES (487, 2041, 'Nothing From Something', 211);
INSERT INTO MUSIC_TRACKS (TRACK_ID, RECORDING_ID, TRACK_TITLE, DURATION) VALUES (488, 2041, 'Forever And A Day', 255);
INSERT INTO MUSIC_TRACKS (TRACK_ID, RECORDING_ID, TRACK_TITLE, DURATION) VALUES (489, 2042, 'Father`s Shout', 338);
INSERT INTO MUSIC_TRACKS (TRACK_ID, RECORDING_ID, TRACK_TITLE, DURATION) VALUES (490, 2042, 'Milky', 325);
INSERT INTO MUSIC_TRACKS (TRACK_ID, RECORDING_ID, TRACK_TITLE, DURATION) VALUES (491, 2042, 'Mother Fore', 207);
INSERT INTO MUSIC_TRACKS (TRACK_ID, RECORDING_ID, TRACK_TITLE, DURATION) VALUES (492, 2042, 'Funky Dung', 214);
INSERT INTO MUSIC_TRACKS (TRACK_ID, RECORDING_ID, TRACK_TITLE, DURATION) VALUES (493, 2042, 'Mind Your Throats Please', 306);
INSERT INTO MUSIC_TRACKS (TRACK_ID, RECORDING_ID, TRACK_TITLE, DURATION) VALUES (494, 2042, 'Remergence', 198);
INSERT INTO MUSIC_TRACKS (TRACK_ID, RECORDING_ID, TRACK_TITLE, DURATION) VALUES (495, 2042, 'If', 214);
INSERT INTO MUSIC_TRACKS (TRACK_ID, RECORDING_ID, TRACK_TITLE, DURATION) VALUES (496, 2042, 'Summer `68', 281);
INSERT INTO MUSIC_TRACKS (TRACK_ID, RECORDING_ID, TRACK_TITLE, DURATION) VALUES (497, 2042, 'Fat Old Sun', 216);
INSERT INTO MUSIC_TRACKS (TRACK_ID, RECORDING_ID, TRACK_TITLE, DURATION) VALUES (498, 2042, 'Rise And Shine', 248);
INSERT INTO MUSIC_TRACKS (TRACK_ID, RECORDING_ID, TRACK_TITLE, DURATION) VALUES (499, 2042, 'Sunny Side Up', 226);
INSERT INTO MUSIC_TRACKS (TRACK_ID, RECORDING_ID, TRACK_TITLE, DURATION) VALUES (500, 2042, 'Morning Glory', 198);
INSERT INTO MUSIC_TRACKS (TRACK_ID, RECORDING_ID, TRACK_TITLE, DURATION) VALUES (501, 2042, 'The Wedding Song', 212);
INSERT INTO MUSIC_TRACKS (TRACK_ID, RECORDING_ID, TRACK_TITLE, DURATION) VALUES (502, 2043, 'Bombtrack', 277);
INSERT INTO MUSIC_TRACKS (TRACK_ID, RECORDING_ID, TRACK_TITLE, DURATION) VALUES (503, 2043, 'Killing In The Name', 180);
INSERT INTO MUSIC_TRACKS (TRACK_ID, RECORDING_ID, TRACK_TITLE, DURATION) VALUES (504, 2043, 'Take The Power Back', 220);
INSERT INTO MUSIC_TRACKS (TRACK_ID, RECORDING_ID, TRACK_TITLE, DURATION) VALUES (505, 2043, 'Settle For Nothing', 199);
INSERT INTO MUSIC_TRACKS (TRACK_ID, RECORDING_ID, TRACK_TITLE, DURATION) VALUES (506, 2043, 'Bullet In The Head', 255);
INSERT INTO MUSIC_TRACKS (TRACK_ID, RECORDING_ID, TRACK_TITLE, DURATION) VALUES (507, 2043, 'Know Your Enemy', 202);
INSERT INTO MUSIC_TRACKS (TRACK_ID, RECORDING_ID, TRACK_TITLE, DURATION) VALUES (508, 2043, 'Wake Up', 188);
INSERT INTO MUSIC_TRACKS (TRACK_ID, RECORDING_ID, TRACK_TITLE, DURATION) VALUES (509, 2043, 'Fistful Of Steel', 220);
INSERT INTO MUSIC_TRACKS (TRACK_ID, RECORDING_ID, TRACK_TITLE, DURATION) VALUES (510, 2043, 'Township Rebellion', 210);
INSERT INTO MUSIC_TRACKS (TRACK_ID, RECORDING_ID, TRACK_TITLE, DURATION) VALUES (511, 2043, 'Freedom', 250);
INSERT INTO MUSIC_TRACKS (TRACK_ID, RECORDING_ID, TRACK_TITLE, DURATION) VALUES (512, 2044, 'Miss You', 200);
INSERT INTO MUSIC_TRACKS (TRACK_ID, RECORDING_ID, TRACK_TITLE, DURATION) VALUES (513, 2044, 'When The Whip Comes Down', 180);
INSERT INTO MUSIC_TRACKS (TRACK_ID, RECORDING_ID, TRACK_TITLE, DURATION) VALUES (514, 2044, 'Just My Imagination', 201);
INSERT INTO MUSIC_TRACKS (TRACK_ID, RECORDING_ID, TRACK_TITLE, DURATION) VALUES (515, 2044, 'Some Girls', 244);
INSERT INTO MUSIC_TRACKS (TRACK_ID, RECORDING_ID, TRACK_TITLE, DURATION) VALUES (516, 2044, 'Lies', 232);
INSERT INTO MUSIC_TRACKS (TRACK_ID, RECORDING_ID, TRACK_TITLE, DURATION) VALUES (517, 2044, 'Far Away Eyes', 266);
INSERT INTO MUSIC_TRACKS (TRACK_ID, RECORDING_ID, TRACK_TITLE, DURATION) VALUES (518, 2044, 'Respectable', 202);
INSERT INTO MUSIC_TRACKS (TRACK_ID, RECORDING_ID, TRACK_TITLE, DURATION) VALUES (519, 2044, 'Before They Make Me Run', 188);
INSERT INTO MUSIC_TRACKS (TRACK_ID, RECORDING_ID, TRACK_TITLE, DURATION) VALUES (520, 2044, 'Beast Of Burden', 205);
INSERT INTO MUSIC_TRACKS (TRACK_ID, RECORDING_ID, TRACK_TITLE, DURATION) VALUES (521, 2044, 'Shattered', 211);
INSERT INTO MUSIC_TRACKS (TRACK_ID, RECORDING_ID, TRACK_TITLE, DURATION) VALUES (522, 2045, 'Just One Look', 180);
INSERT INTO MUSIC_TRACKS (TRACK_ID, RECORDING_ID, TRACK_TITLE, DURATION) VALUES (523, 2045, 'Look Through Any Window', 190);
INSERT INTO MUSIC_TRACKS (TRACK_ID, RECORDING_ID, TRACK_TITLE, DURATION) VALUES (524, 2045, 'Bus Stop', 250);
INSERT INTO MUSIC_TRACKS (TRACK_ID, RECORDING_ID, TRACK_TITLE, DURATION) VALUES (525, 2045, 'Stop Stop Stop', 220);
INSERT INTO MUSIC_TRACKS (TRACK_ID, RECORDING_ID, TRACK_TITLE, DURATION) VALUES (526, 2045, 'On A Carousel', 210);
INSERT INTO MUSIC_TRACKS (TRACK_ID, RECORDING_ID, TRACK_TITLE, DURATION) VALUES (527, 2045, 'Carrie Ann', 222);
INSERT INTO MUSIC_TRACKS (TRACK_ID, RECORDING_ID, TRACK_TITLE, DURATION) VALUES (528, 2045, 'Dear Eloise', 233);
INSERT INTO MUSIC_TRACKS (TRACK_ID, RECORDING_ID, TRACK_TITLE, DURATION) VALUES (529, 2045, 'He Ain`t Heavy', 199);
INSERT INTO MUSIC_TRACKS (TRACK_ID, RECORDING_ID, TRACK_TITLE, DURATION) VALUES (530, 2045, 'Long Cool Woman', 175);
INSERT INTO MUSIC_TRACKS (TRACK_ID, RECORDING_ID, TRACK_TITLE, DURATION) VALUES (531, 2045, 'Long Dark Road', 243);
INSERT INTO MUSIC_TRACKS (TRACK_ID, RECORDING_ID, TRACK_TITLE, DURATION) VALUES (532, 2045, 'Air That I Breathe', 222);
INSERT INTO MUSIC_TRACKS (TRACK_ID, RECORDING_ID, TRACK_TITLE, DURATION) VALUES (533, 2045, 'Another Night', 201);
INSERT INTO MUSIC_TRACKS (TRACK_ID, RECORDING_ID, TRACK_TITLE, DURATION) VALUES (0, 2000, 'Sym no 6 In F major - Opus 68 ''Pastoral''', 1320);
INSERT INTO MUSIC_TRACKS (TRACK_ID, RECORDING_ID, TRACK_TITLE, DURATION) VALUES (1, 2000, 'Sym no 5 in B flat major - D 485', 1501);
INSERT INTO MUSIC_TRACKS (TRACK_ID, RECORDING_ID, TRACK_TITLE, DURATION) VALUES (2, 2001, 'Con No 1 in d - BWV 1052: I. Allegro', 350);
INSERT INTO MUSIC_TRACKS (TRACK_ID, RECORDING_ID, TRACK_TITLE, DURATION) VALUES (3, 2001, 'Con No 1 in d - BWV 1052: II. Adagio', 390);
INSERT INTO MUSIC_TRACKS (TRACK_ID, RECORDING_ID, TRACK_TITLE, DURATION) VALUES (4, 2001, 'Con No 1 in d - BWV 1052: III. Allegro', 360);
INSERT INTO MUSIC_TRACKS (TRACK_ID, RECORDING_ID, TRACK_TITLE, DURATION) VALUES (5, 2001, 'Con No 2 in E - BWV 1053: I. Allegro', 370);
INSERT INTO MUSIC_TRACKS (TRACK_ID, RECORDING_ID, TRACK_TITLE, DURATION) VALUES (6, 2001, 'Con No 2 in E - BWV 1053: II. Siciliano', 299);
INSERT INTO MUSIC_TRACKS (TRACK_ID, RECORDING_ID, TRACK_TITLE, DURATION) VALUES (7, 2001, 'Con No 2 in E - BWV 1053: III. Allegro', 300);
INSERT INTO MUSIC_TRACKS (TRACK_ID, RECORDING_ID, TRACK_TITLE, DURATION) VALUES (8, 2001, 'Con No 3 in D - BWV 1054: I. Allegro', 240);
INSERT INTO MUSIC_TRACKS (TRACK_ID, RECORDING_ID, TRACK_TITLE, DURATION) VALUES (9, 2001, 'Con No 3 in D - BWV 1054: II. Piano', 255);
INSERT INTO MUSIC_TRACKS (TRACK_ID, RECORDING_ID, TRACK_TITLE, DURATION) VALUES (10, 2001, 'Con No 3 in D - BWV 1054: III. Allegro', 288);
INSERT INTO MUSIC_TRACKS (TRACK_ID, RECORDING_ID, TRACK_TITLE, DURATION) VALUES (11, 2002, 'Sym No 1: Langsam Schleppend. wie ein', 340);
INSERT INTO MUSIC_TRACKS (TRACK_ID, RECORDING_ID, TRACK_TITLE, DURATION) VALUES (12, 2002, 'Sym No 1: Kraftig bewegt', 250);
INSERT INTO MUSIC_TRACKS (TRACK_ID, RECORDING_ID, TRACK_TITLE, DURATION) VALUES (13, 2002, 'Sym No 1: Feierlich und gemessen', 270);
INSERT INTO MUSIC_TRACKS (TRACK_ID, RECORDING_ID, TRACK_TITLE, DURATION) VALUES (14, 2002, 'Sym No 1: Sturmisch bewegt', 389);
INSERT INTO MUSIC_TRACKS (TRACK_ID, RECORDING_ID, TRACK_TITLE, DURATION) VALUES (15, 2002, 'Songs of a Wayfarer: Wenn mein Schatz Hochzeit macht', 401);
INSERT INTO MUSIC_TRACKS (TRACK_ID, RECORDING_ID, TRACK_TITLE, DURATION) VALUES (16, 2002, 'Songs of a Wayfarer: Ging heut` morgen ubers Feld', 399);
INSERT INTO MUSIC_TRACKS (TRACK_ID, RECORDING_ID, TRACK_TITLE, DURATION) VALUES (17, 2002, 'Songs of a Wayfarer: Ich hab` ein gluhend Messer', 430);
INSERT INTO MUSIC_TRACKS (TRACK_ID, RECORDING_ID, TRACK_TITLE, DURATION) VALUES (18, 2002, 'Songs of a Wayfarer: Die zwei bluen Augen', 375);
INSERT INTO MUSIC_TRACKS (TRACK_ID, RECORDING_ID, TRACK_TITLE, DURATION) VALUES (19, 2003, 'Sym No 25 In g', 301);
INSERT INTO MUSIC_TRACKS (TRACK_ID, RECORDING_ID, TRACK_TITLE, DURATION) VALUES (20, 2003, 'Ser No 10 in B-flat', 400);
INSERT INTO MUSIC_TRACKS (TRACK_ID, RECORDING_ID, TRACK_TITLE, DURATION) VALUES (21, 2003, 'Sym No 29 in A', 250);
INSERT INTO MUSIC_TRACKS (TRACK_ID, RECORDING_ID, TRACK_TITLE, DURATION) VALUES (22, 2003, 'Con For 2 Pno On E-flat', 266);
INSERT INTO MUSIC_TRACKS (TRACK_ID, RECORDING_ID, TRACK_TITLE, DURATION) VALUES (23, 2003, 'Sinfonia Concertante For Vn & Viola In E-Flat', 250);
INSERT INTO MUSIC_TRACKS (TRACK_ID, RECORDING_ID, TRACK_TITLE, DURATION) VALUES (24, 2003, 'Pno Con No 22 in E-Flat', 279);
INSERT INTO MUSIC_TRACKS (TRACK_ID, RECORDING_ID, TRACK_TITLE, DURATION) VALUES (25, 2003, 'Don Giovanni K.527', 401);
INSERT INTO MUSIC_TRACKS (TRACK_ID, RECORDING_ID, TRACK_TITLE, DURATION) VALUES (26, 2003, 'Requiem K.626: Dies Irae', 408);
INSERT INTO MUSIC_TRACKS (TRACK_ID, RECORDING_ID, TRACK_TITLE, DURATION) VALUES (27, 2003, 'Requiem K.626: Rex Tremendae', 242);
INSERT INTO MUSIC_TRACKS (TRACK_ID, RECORDING_ID, TRACK_TITLE, DURATION) VALUES (28, 2003, 'Requiem K.626: Confutatis', 233);
INSERT INTO MUSIC_TRACKS (TRACK_ID, RECORDING_ID, TRACK_TITLE, DURATION) VALUES (29, 2003, 'Requiem K.626: Lacrimosa', 299);
INSERT INTO MUSIC_TRACKS (TRACK_ID, RECORDING_ID, TRACK_TITLE, DURATION) VALUES (30, 2003, 'Pno Con No 20 In d', 301);
INSERT INTO MUSIC_TRACKS (TRACK_ID, RECORDING_ID, TRACK_TITLE, DURATION) VALUES (31, 2004, 'Ov', 450);
INSERT INTO MUSIC_TRACKS (TRACK_ID, RECORDING_ID, TRACK_TITLE, DURATION) VALUES (32, 2004, 'March', 377);
INSERT INTO MUSIC_TRACKS (TRACK_ID, RECORDING_ID, TRACK_TITLE, DURATION) VALUES (33, 2004, 'Waltz of the Snowflakes', 399);
INSERT INTO MUSIC_TRACKS (TRACK_ID, RECORDING_ID, TRACK_TITLE, DURATION) VALUES (34, 2004, 'Chocolate (Spanish Dance)', 488);
INSERT INTO MUSIC_TRACKS (TRACK_ID, RECORDING_ID, TRACK_TITLE, DURATION) VALUES (35, 2004, 'Coffee (Arabian Dance)', 377);
INSERT INTO MUSIC_TRACKS (TRACK_ID, RECORDING_ID, TRACK_TITLE, DURATION) VALUES (36, 2004, 'Tea (Chinese Dance)', 401);
INSERT INTO MUSIC_TRACKS (TRACK_ID, RECORDING_ID, TRACK_TITLE, DURATION) VALUES (37, 2004, 'Russian Dance', 244);
INSERT INTO MUSIC_TRACKS (TRACK_ID, RECORDING_ID, TRACK_TITLE, DURATION) VALUES (38, 2004, 'Dance of the Mirlitons', 299);
INSERT INTO MUSIC_TRACKS (TRACK_ID, RECORDING_ID, TRACK_TITLE, DURATION) VALUES (39, 2004, 'Mother Cigogne and the Clowns', 304);
INSERT INTO MUSIC_TRACKS (TRACK_ID, RECORDING_ID, TRACK_TITLE, DURATION) VALUES (40, 2004, 'Waltz of the Flowers', 310);
INSERT INTO MUSIC_TRACKS (TRACK_ID, RECORDING_ID, TRACK_TITLE, DURATION) VALUES (41, 2004, 'The Prince and the Sugar - Plum Fairy', 400);
INSERT INTO MUSIC_TRACKS (TRACK_ID, RECORDING_ID, TRACK_TITLE, DURATION) VALUES (42, 2004, 'Tarentella', 220);
INSERT INTO MUSIC_TRACKS (TRACK_ID, RECORDING_ID, TRACK_TITLE, DURATION) VALUES (43, 2004, 'Dance of the Sugar - Plum Fairy', 199);
INSERT INTO MUSIC_TRACKS (TRACK_ID, RECORDING_ID, TRACK_TITLE, DURATION) VALUES (44, 2004, 'Coda', 255);
INSERT INTO MUSIC_TRACKS (TRACK_ID, RECORDING_ID, TRACK_TITLE, DURATION) VALUES (45, 2004, 'Final Waltz and Apotheosis', 299);
INSERT INTO MUSIC_TRACKS (TRACK_ID, RECORDING_ID, TRACK_TITLE, DURATION) VALUES (46, 2005, 'Nothing But The Taillights', 333);
INSERT INTO MUSIC_TRACKS (TRACK_ID, RECORDING_ID, TRACK_TITLE, DURATION) VALUES (47, 2005, 'That Something In My Life', 255);
INSERT INTO VIDEOS (RECORDING_ID, VIDEO_TITLE, CATEGORY_ID, DURATION, RATING, PRICE, STOCK_COUNT, DIRECTOR_ID, YEAR_RELEASED) VALUES (3006, 'Independence Day', 94, 8700, 'PG', 17.99, 0, 39, 1996);
INSERT INTO VIDEOS (RECORDING_ID, VIDEO_TITLE, CATEGORY_ID, DURATION, RATING, PRICE, STOCK_COUNT, DIRECTOR_ID, YEAR_RELEASED) VALUES (3009, 'Top Gun', 94, 6600, 'PG', 15.99, 79, 49, 1986);
INSERT INTO VIDEOS (RECORDING_ID, VIDEO_TITLE, CATEGORY_ID, DURATION, RATING, PRICE, STOCK_COUNT, DIRECTOR_ID, YEAR_RELEASED) VALUES (3002, 'Braveheart', 94, 10620, 'R', 20.99, 74, 31, 1995);
INSERT INTO VIDEOS (RECORDING_ID, VIDEO_TITLE, CATEGORY_ID, DURATION, RATING, PRICE, STOCK_COUNT, DIRECTOR_ID, YEAR_RELEASED) VALUES (3001, 'Bad Boys', 94, 7140, 'R', 24.99, 65, 32, 1995);
INSERT INTO VIDEOS (RECORDING_ID, VIDEO_TITLE, CATEGORY_ID, DURATION, RATING, PRICE, STOCK_COUNT, DIRECTOR_ID, YEAR_RELEASED) VALUES (3008, 'The Rock', 94, 8160, 'R', 19.99, 66, 32, 1996);
INSERT INTO VIDEOS (RECORDING_ID, VIDEO_TITLE, CATEGORY_ID, DURATION, RATING, PRICE, STOCK_COUNT, DIRECTOR_ID, YEAR_RELEASED) VALUES (3000, 'Apocalypse Now', 94, 9180, 'R', 10.99, 0, 11, 1979);
INSERT INTO VIDEOS (RECORDING_ID, VIDEO_TITLE, CATEGORY_ID, DURATION, RATING, PRICE, STOCK_COUNT, DIRECTOR_ID, YEAR_RELEASED) VALUES (3003, 'Deep Impact', 94, 5700, 'PG', 14.99, 82, 34, 1998);
INSERT INTO VIDEOS (RECORDING_ID, VIDEO_TITLE, CATEGORY_ID, DURATION, RATING, PRICE, STOCK_COUNT, DIRECTOR_ID, YEAR_RELEASED) VALUES (3005, 'Full Metal Jacket', 94, 7020, 'R', 13.99, 90, 42, 1987);
INSERT INTO VIDEOS (RECORDING_ID, VIDEO_TITLE, CATEGORY_ID, DURATION, RATING, PRICE, STOCK_COUNT, DIRECTOR_ID, YEAR_RELEASED) VALUES (3004, 'Disco Godfather', 94, 5580, 'R', 17.99, 91, 18, 1993);
INSERT INTO VIDEOS (RECORDING_ID, VIDEO_TITLE, CATEGORY_ID, DURATION, RATING, PRICE, STOCK_COUNT, DIRECTOR_ID, YEAR_RELEASED) VALUES (3007, 'The Hunt for Red October', 94, 8100, 'PG', 13.99, 51, 25, 1990);
INSERT INTO VIDEOS (RECORDING_ID, VIDEO_TITLE, CATEGORY_ID, DURATION, RATING, PRICE, STOCK_COUNT, DIRECTOR_ID, YEAR_RELEASED) VALUES (3018, 'The Blues Brothers', 93, 9180, 'R', 23.99, 0, 24, 1980);
INSERT INTO VIDEOS (RECORDING_ID, VIDEO_TITLE, CATEGORY_ID, DURATION, RATING, PRICE, STOCK_COUNT, DIRECTOR_ID, YEAR_RELEASED) VALUES (3012, 'Car Wash', 93, 5820, 'PG', 14.99, 0, 33, 1976);
INSERT INTO VIDEOS (RECORDING_ID, VIDEO_TITLE, CATEGORY_ID, DURATION, RATING, PRICE, STOCK_COUNT, DIRECTOR_ID, YEAR_RELEASED) VALUES (3015, 'Dumb and Dumber', 93, 6600, 'PG', 16.99, 90, 35, 1994);
INSERT INTO VIDEOS (RECORDING_ID, VIDEO_TITLE, CATEGORY_ID, DURATION, RATING, PRICE, STOCK_COUNT, DIRECTOR_ID, YEAR_RELEASED) VALUES (3010, 'Austin Powers', 93, 5220, 'PG', 22.99, 84, 20, 1997);
INSERT INTO VIDEOS (RECORDING_ID, VIDEO_TITLE, CATEGORY_ID, DURATION, RATING, PRICE, STOCK_COUNT, DIRECTOR_ID, YEAR_RELEASED) VALUES (3011, 'Caddyshack', 93, 5880, 'R', 24.99, 87, 17, 1980);
INSERT INTO VIDEOS (RECORDING_ID, VIDEO_TITLE, CATEGORY_ID, DURATION, RATING, PRICE, STOCK_COUNT, DIRECTOR_ID, YEAR_RELEASED) VALUES (3013, 'Crooklyn', 93, 6840, 'PG', 17.99, 73, 41, 1994);
INSERT INTO VIDEOS (RECORDING_ID, VIDEO_TITLE, CATEGORY_ID, DURATION, RATING, PRICE, STOCK_COUNT, DIRECTOR_ID, YEAR_RELEASED) VALUES (3016, 'Monty Python and The Holy Grail', 93, 5400, 'PG', 18.99, 55, 46, 1975);
INSERT INTO VIDEOS (RECORDING_ID, VIDEO_TITLE, CATEGORY_ID, DURATION, RATING, PRICE, STOCK_COUNT, DIRECTOR_ID, YEAR_RELEASED) VALUES (3014, 'Dolemite', 93, 5460, 'R', 17.99, 74, 7, 1975);
INSERT INTO VIDEOS (RECORDING_ID, VIDEO_TITLE, CATEGORY_ID, DURATION, RATING, PRICE, STOCK_COUNT, DIRECTOR_ID, YEAR_RELEASED) VALUES (3019, 'The Nutty Professor', 93, 5700, 'PG', 16.99, 55, 48, 1996);
INSERT INTO VIDEOS (RECORDING_ID, VIDEO_TITLE, CATEGORY_ID, DURATION, RATING, PRICE, STOCK_COUNT, DIRECTOR_ID, YEAR_RELEASED) VALUES (3017, 'Mrs. Doubtfire', 93, 7500, 'PG', 21.99, 77, 6, 1993);
INSERT INTO VIDEOS (RECORDING_ID, VIDEO_TITLE, CATEGORY_ID, DURATION, RATING, PRICE, STOCK_COUNT, DIRECTOR_ID, YEAR_RELEASED) VALUES (3025, 'Poetic Justice', 92, 6540, 'R', 20.99, 83, 27, 1993);
INSERT INTO VIDEOS (RECORDING_ID, VIDEO_TITLE, CATEGORY_ID, DURATION, RATING, PRICE, STOCK_COUNT, DIRECTOR_ID, YEAR_RELEASED) VALUES (3029, 'Titanic', 92, 11640, 'PG', 15.99, 60, 19, 1997);
INSERT INTO VIDEOS (RECORDING_ID, VIDEO_TITLE, CATEGORY_ID, DURATION, RATING, PRICE, STOCK_COUNT, DIRECTOR_ID, YEAR_RELEASED) VALUES (3028, 'Soul Food', 92, 6840, 'R', 20.99, 84, 14, 1997);
INSERT INTO VIDEOS (RECORDING_ID, VIDEO_TITLE, CATEGORY_ID, DURATION, RATING, PRICE, STOCK_COUNT, DIRECTOR_ID, YEAR_RELEASED) VALUES (3027, 'Shawshank Redemption', 92, 8520, 'R', 15.99, 74, 12, 1994);
INSERT INTO VIDEOS (RECORDING_ID, VIDEO_TITLE, CATEGORY_ID, DURATION, RATING, PRICE, STOCK_COUNT, DIRECTOR_ID, YEAR_RELEASED) VALUES (3026, 'Rudy', 92, 6840, 'PG', 20.99, 65, 8, 1993);
INSERT INTO VIDEOS (RECORDING_ID, VIDEO_TITLE, CATEGORY_ID, DURATION, RATING, PRICE, STOCK_COUNT, DIRECTOR_ID, YEAR_RELEASED) VALUES (3022, 'Ghost', 92, 7620, 'PG', 12.99, 74, 22, 1990);
INSERT INTO VIDEOS (RECORDING_ID, VIDEO_TITLE, CATEGORY_ID, DURATION, RATING, PRICE, STOCK_COUNT, DIRECTOR_ID, YEAR_RELEASED) VALUES (3024, 'Good Will Hunting', 92, 7560, 'R', 16.99, 0, 15, 1997);
INSERT INTO VIDEOS (RECORDING_ID, VIDEO_TITLE, CATEGORY_ID, DURATION, RATING, PRICE, STOCK_COUNT, DIRECTOR_ID, YEAR_RELEASED) VALUES (3023, 'Gone With The Wind', 92, 13320, 'NR', 19.99, 97, 50, 1939);
INSERT INTO VIDEOS (RECORDING_ID, VIDEO_TITLE, CATEGORY_ID, DURATION, RATING, PRICE, STOCK_COUNT, DIRECTOR_ID, YEAR_RELEASED) VALUES (3021, 'Forrest Gump', 92, 9420, 'PG', 18.99, 96, 38, 1994);
INSERT INTO VIDEOS (RECORDING_ID, VIDEO_TITLE, CATEGORY_ID, DURATION, RATING, PRICE, STOCK_COUNT, DIRECTOR_ID, YEAR_RELEASED) VALUES (3020, 'Falcon and the Snowman', 92, 7860, 'R', 19.99, 59, 26, 1985);
INSERT INTO VIDEOS (RECORDING_ID, VIDEO_TITLE, CATEGORY_ID, DURATION, RATING, PRICE, STOCK_COUNT, DIRECTOR_ID, YEAR_RELEASED) VALUES (3036, 'Psycho', 91, 6540, 'R', 16.99, 0, 1, 1960);
INSERT INTO VIDEOS (RECORDING_ID, VIDEO_TITLE, CATEGORY_ID, DURATION, RATING, PRICE, STOCK_COUNT, DIRECTOR_ID, YEAR_RELEASED) VALUES (3037, 'Scream', 91, 6660, 'R', 24.99, 92, 51, 1996);
INSERT INTO VIDEOS (RECORDING_ID, VIDEO_TITLE, CATEGORY_ID, DURATION, RATING, PRICE, STOCK_COUNT, DIRECTOR_ID, YEAR_RELEASED) VALUES (3030, 'Candyman', 91, 5880, 'R', 16.99, 0, 3, 1992);
INSERT INTO VIDEOS (RECORDING_ID, VIDEO_TITLE, CATEGORY_ID, DURATION, RATING, PRICE, STOCK_COUNT, DIRECTOR_ID, YEAR_RELEASED) VALUES (3031, 'Carrie', 91, 5880, 'R', 15.99, 67, 4, 1976);
INSERT INTO VIDEOS (RECORDING_ID, VIDEO_TITLE, CATEGORY_ID, DURATION, RATING, PRICE, STOCK_COUNT, DIRECTOR_ID, YEAR_RELEASED) VALUES (3034, 'Pet Sematary', 91, 6180, 'R', 9.99, 83, 30, 1989);
INSERT INTO VIDEOS (RECORDING_ID, VIDEO_TITLE, CATEGORY_ID, DURATION, RATING, PRICE, STOCK_COUNT, DIRECTOR_ID, YEAR_RELEASED) VALUES (3035, 'Poltergeist', 91, 6900, 'R', 22.99, 67, 47, 1982);
INSERT INTO VIDEOS (RECORDING_ID, VIDEO_TITLE, CATEGORY_ID, DURATION, RATING, PRICE, STOCK_COUNT, DIRECTOR_ID, YEAR_RELEASED) VALUES (3033, 'Misery', 91, 6420, 'R', 18.99, 76, 37, 1990);
INSERT INTO VIDEOS (RECORDING_ID, VIDEO_TITLE, CATEGORY_ID, DURATION, RATING, PRICE, STOCK_COUNT, DIRECTOR_ID, YEAR_RELEASED) VALUES (3032, 'Friday the 13th Pt 1', 91, 5760, 'NR', 13.99, 70, 40, 1980);
INSERT INTO VIDEOS (RECORDING_ID, VIDEO_TITLE, CATEGORY_ID, DURATION, RATING, PRICE, STOCK_COUNT, DIRECTOR_ID, YEAR_RELEASED) VALUES (3039, 'Clockwork Orange', 90, 8220, 'R', 18.99, 96, 42, 1971);
INSERT INTO VIDEOS (RECORDING_ID, VIDEO_TITLE, CATEGORY_ID, DURATION, RATING, PRICE, STOCK_COUNT, DIRECTOR_ID, YEAR_RELEASED) VALUES (3041, 'Dune', 90, 8220, 'PG', 24.99, 86, 10, 1984);
INSERT INTO VIDEOS (RECORDING_ID, VIDEO_TITLE, CATEGORY_ID, DURATION, RATING, PRICE, STOCK_COUNT, DIRECTOR_ID, YEAR_RELEASED) VALUES (3043, 'Jurassic Park', 90, 7620, 'PG', 23.99, 87, 44, 1993);
INSERT INTO VIDEOS (RECORDING_ID, VIDEO_TITLE, CATEGORY_ID, DURATION, RATING, PRICE, STOCK_COUNT, DIRECTOR_ID, YEAR_RELEASED) VALUES (3044, 'Star Trek: First Contact', 90, 6660, 'PG', 11.99, 64, 28, 1996);
INSERT INTO VIDEOS (RECORDING_ID, VIDEO_TITLE, CATEGORY_ID, DURATION, RATING, PRICE, STOCK_COUNT, DIRECTOR_ID, YEAR_RELEASED) VALUES (3045, 'Star Wars', 90, 7260, 'PG', 16.99, 71, 13, 1977);
INSERT INTO VIDEOS (RECORDING_ID, VIDEO_TITLE, CATEGORY_ID, DURATION, RATING, PRICE, STOCK_COUNT, DIRECTOR_ID, YEAR_RELEASED) VALUES (3040, 'Contact', 90, 9000, 'PG', 10.99, 55, 38, 1997);
INSERT INTO VIDEOS (RECORDING_ID, VIDEO_TITLE, CATEGORY_ID, DURATION, RATING, PRICE, STOCK_COUNT, DIRECTOR_ID, YEAR_RELEASED) VALUES (3038, 'Alien', 90, 6960, 'R', 24.99, 92, 36, 1979);
INSERT INTO VIDEOS (RECORDING_ID, VIDEO_TITLE, CATEGORY_ID, DURATION, RATING, PRICE, STOCK_COUNT, DIRECTOR_ID, YEAR_RELEASED) VALUES (3042, 'Excalibur', 90, 8400, 'PG', 9.99, 0, 23, 1981);
INSERT INTO VIDEOS (RECORDING_ID, VIDEO_TITLE, CATEGORY_ID, DURATION, RATING, PRICE, STOCK_COUNT, DIRECTOR_ID, YEAR_RELEASED) VALUES (3046, 'Tron', 90, 5700, 'PG', 10.99, 80, 43, 1982);
INSERT INTO VIDEOS (RECORDING_ID, VIDEO_TITLE, CATEGORY_ID, DURATION, RATING, PRICE, STOCK_COUNT, DIRECTOR_ID, YEAR_RELEASED) VALUES (3049, 'Malice', 89, 6360, 'R', 10.99, 66, 16, 1993);
INSERT INTO VIDEOS (RECORDING_ID, VIDEO_TITLE, CATEGORY_ID, DURATION, RATING, PRICE, STOCK_COUNT, DIRECTOR_ID, YEAR_RELEASED) VALUES (3050, 'Seven', 89, 7620, 'R', 23.99, 93, 9, 1995);
INSERT INTO VIDEOS (RECORDING_ID, VIDEO_TITLE, CATEGORY_ID, DURATION, RATING, PRICE, STOCK_COUNT, DIRECTOR_ID, YEAR_RELEASED) VALUES (3052, 'The Game', 89, 6900, 'R', 16.99, 82, 9, 1997);
INSERT INTO VIDEOS (RECORDING_ID, VIDEO_TITLE, CATEGORY_ID, DURATION, RATING, PRICE, STOCK_COUNT, DIRECTOR_ID, YEAR_RELEASED) VALUES (3051, 'The Firm', 89, 9240, 'R', 12.99, 80, 45, 1993);
INSERT INTO VIDEOS (RECORDING_ID, VIDEO_TITLE, CATEGORY_ID, DURATION, RATING, PRICE, STOCK_COUNT, DIRECTOR_ID, YEAR_RELEASED) VALUES (3047, 'Diabolique', 89, 6480, 'R', 21.99, 92, 21, 1996);
INSERT INTO VIDEOS (RECORDING_ID, VIDEO_TITLE, CATEGORY_ID, DURATION, RATING, PRICE, STOCK_COUNT, DIRECTOR_ID, YEAR_RELEASED) VALUES (3054, 'The Usual Suspects', 89, 6360, 'R', 9.99, 0, 5, 1995);
INSERT INTO VIDEOS (RECORDING_ID, VIDEO_TITLE, CATEGORY_ID, DURATION, RATING, PRICE, STOCK_COUNT, DIRECTOR_ID, YEAR_RELEASED) VALUES (3053, 'The Silence of the Lambs', 89, 7080, 'R', 17.99, 51, 29, 1991);
INSERT INTO VIDEOS (RECORDING_ID, VIDEO_TITLE, CATEGORY_ID, DURATION, RATING, PRICE, STOCK_COUNT, DIRECTOR_ID, YEAR_RELEASED) VALUES (3048, 'Disclosure', 89, 7740, 'R', 13.99, 0, 2, 1994);
INSERT INTO VIDEO_ACTORS (ROW_ID, ACTOR_ID, RECORDING_ID) VALUES (0, 195, 3000);
INSERT INTO VIDEO_ACTORS (ROW_ID, ACTOR_ID, RECORDING_ID) VALUES (1, 198, 3000);
INSERT INTO VIDEO_ACTORS (ROW_ID, ACTOR_ID, RECORDING_ID) VALUES (2, 258, 3000);
INSERT INTO VIDEO_ACTORS (ROW_ID, ACTOR_ID, RECORDING_ID) VALUES (3, 91, 3000);
INSERT INTO VIDEO_ACTORS (ROW_ID, ACTOR_ID, RECORDING_ID) VALUES (4, 75, 3000);
INSERT INTO VIDEO_ACTORS (ROW_ID, ACTOR_ID, RECORDING_ID) VALUES (5, 273, 3000);
INSERT INTO VIDEO_ACTORS (ROW_ID, ACTOR_ID, RECORDING_ID) VALUES (6, 102, 3000);
INSERT INTO VIDEO_ACTORS (ROW_ID, ACTOR_ID, RECORDING_ID) VALUES (7, 180, 3000);
INSERT INTO VIDEO_ACTORS (ROW_ID, ACTOR_ID, RECORDING_ID) VALUES (8, 270, 3000);
INSERT INTO VIDEO_ACTORS (ROW_ID, ACTOR_ID, RECORDING_ID) VALUES (9, 329, 3001);
INSERT INTO VIDEO_ACTORS (ROW_ID, ACTOR_ID, RECORDING_ID) VALUES (10, 197, 3001);
INSERT INTO VIDEO_ACTORS (ROW_ID, ACTOR_ID, RECORDING_ID) VALUES (11, 295, 3001);
INSERT INTO VIDEO_ACTORS (ROW_ID, ACTOR_ID, RECORDING_ID) VALUES (12, 301, 3001);
INSERT INTO VIDEO_ACTORS (ROW_ID, ACTOR_ID, RECORDING_ID) VALUES (13, 293, 3001);
INSERT INTO VIDEO_ACTORS (ROW_ID, ACTOR_ID, RECORDING_ID) VALUES (14, 144, 3001);
INSERT INTO VIDEO_ACTORS (ROW_ID, ACTOR_ID, RECORDING_ID) VALUES (15, 189, 3001);
INSERT INTO VIDEO_ACTORS (ROW_ID, ACTOR_ID, RECORDING_ID) VALUES (16, 205, 3002);
INSERT INTO VIDEO_ACTORS (ROW_ID, ACTOR_ID, RECORDING_ID) VALUES (17, 238, 3002);
INSERT INTO VIDEO_ACTORS (ROW_ID, ACTOR_ID, RECORDING_ID) VALUES (18, 284, 3002);
INSERT INTO VIDEO_ACTORS (ROW_ID, ACTOR_ID, RECORDING_ID) VALUES (19, 48, 3002);
INSERT INTO VIDEO_ACTORS (ROW_ID, ACTOR_ID, RECORDING_ID) VALUES (20, 258, 3003);
INSERT INTO VIDEO_ACTORS (ROW_ID, ACTOR_ID, RECORDING_ID) VALUES (21, 294, 3003);
INSERT INTO VIDEO_ACTORS (ROW_ID, ACTOR_ID, RECORDING_ID) VALUES (22, 222, 3003);
INSERT INTO VIDEO_ACTORS (ROW_ID, ACTOR_ID, RECORDING_ID) VALUES (23, 267, 3004);
INSERT INTO VIDEO_ACTORS (ROW_ID, ACTOR_ID, RECORDING_ID) VALUES (24, 44, 3004);
INSERT INTO VIDEO_ACTORS (ROW_ID, ACTOR_ID, RECORDING_ID) VALUES (25, 139, 3004);
INSERT INTO VIDEO_ACTORS (ROW_ID, ACTOR_ID, RECORDING_ID) VALUES (26, 176, 3004);
INSERT INTO VIDEO_ACTORS (ROW_ID, ACTOR_ID, RECORDING_ID) VALUES (27, 141, 3004);
INSERT INTO VIDEO_ACTORS (ROW_ID, ACTOR_ID, RECORDING_ID) VALUES (28, 203, 3005);
INSERT INTO VIDEO_ACTORS (ROW_ID, ACTOR_ID, RECORDING_ID) VALUES (29, 1, 3005);
INSERT INTO VIDEO_ACTORS (ROW_ID, ACTOR_ID, RECORDING_ID) VALUES (30, 247, 3005);
INSERT INTO VIDEO_ACTORS (ROW_ID, ACTOR_ID, RECORDING_ID) VALUES (31, 83, 3005);
INSERT INTO VIDEO_ACTORS (ROW_ID, ACTOR_ID, RECORDING_ID) VALUES (32, 18, 3005);
INSERT INTO VIDEO_ACTORS (ROW_ID, ACTOR_ID, RECORDING_ID) VALUES (33, 80, 3005);
INSERT INTO VIDEO_ACTORS (ROW_ID, ACTOR_ID, RECORDING_ID) VALUES (34, 174, 3005);
INSERT INTO VIDEO_ACTORS (ROW_ID, ACTOR_ID, RECORDING_ID) VALUES (35, 320, 3005);
INSERT INTO VIDEO_ACTORS (ROW_ID, ACTOR_ID, RECORDING_ID) VALUES (36, 329, 3006);
INSERT INTO VIDEO_ACTORS (ROW_ID, ACTOR_ID, RECORDING_ID) VALUES (37, 136, 3006);
INSERT INTO VIDEO_ACTORS (ROW_ID, ACTOR_ID, RECORDING_ID) VALUES (38, 32, 3006);
INSERT INTO VIDEO_ACTORS (ROW_ID, ACTOR_ID, RECORDING_ID) VALUES (39, 193, 3006);
INSERT INTO VIDEO_ACTORS (ROW_ID, ACTOR_ID, RECORDING_ID) VALUES (40, 163, 3006);
INSERT INTO VIDEO_ACTORS (ROW_ID, ACTOR_ID, RECORDING_ID) VALUES (41, 248, 3006);
INSERT INTO VIDEO_ACTORS (ROW_ID, ACTOR_ID, RECORDING_ID) VALUES (42, 323, 3006);
INSERT INTO VIDEO_ACTORS (ROW_ID, ACTOR_ID, RECORDING_ID) VALUES (43, 199, 3006);
INSERT INTO VIDEO_ACTORS (ROW_ID, ACTOR_ID, RECORDING_ID) VALUES (44, 126, 3006);
INSERT INTO VIDEO_ACTORS (ROW_ID, ACTOR_ID, RECORDING_ID) VALUES (45, 105, 3006);
INSERT INTO VIDEO_ACTORS (ROW_ID, ACTOR_ID, RECORDING_ID) VALUES (46, 259, 3006);
INSERT INTO VIDEO_ACTORS (ROW_ID, ACTOR_ID, RECORDING_ID) VALUES (47, 103, 3006);
INSERT INTO VIDEO_ACTORS (ROW_ID, ACTOR_ID, RECORDING_ID) VALUES (48, 275, 3007);
INSERT INTO VIDEO_ACTORS (ROW_ID, ACTOR_ID, RECORDING_ID) VALUES (49, 5, 3007);
INSERT INTO VIDEO_ACTORS (ROW_ID, ACTOR_ID, RECORDING_ID) VALUES (50, 273, 3007);
INSERT INTO VIDEO_ACTORS (ROW_ID, ACTOR_ID, RECORDING_ID) VALUES (51, 124, 3007);
INSERT INTO VIDEO_ACTORS (ROW_ID, ACTOR_ID, RECORDING_ID) VALUES (52, 271, 3007);
INSERT INTO VIDEO_ACTORS (ROW_ID, ACTOR_ID, RECORDING_ID) VALUES (53, 303, 3007);
INSERT INTO VIDEO_ACTORS (ROW_ID, ACTOR_ID, RECORDING_ID) VALUES (54, 230, 3008);
INSERT INTO VIDEO_ACTORS (ROW_ID, ACTOR_ID, RECORDING_ID) VALUES (55, 275, 3008);
INSERT INTO VIDEO_ACTORS (ROW_ID, ACTOR_ID, RECORDING_ID) VALUES (56, 82, 3008);
INSERT INTO VIDEO_ACTORS (ROW_ID, ACTOR_ID, RECORDING_ID) VALUES (57, 209, 3008);
INSERT INTO VIDEO_ACTORS (ROW_ID, ACTOR_ID, RECORDING_ID) VALUES (58, 331, 3008);
INSERT INTO VIDEO_ACTORS (ROW_ID, ACTOR_ID, RECORDING_ID) VALUES (59, 66, 3008);
INSERT INTO VIDEO_ACTORS (ROW_ID, ACTOR_ID, RECORDING_ID) VALUES (60, 148, 3008);
INSERT INTO VIDEO_ACTORS (ROW_ID, ACTOR_ID, RECORDING_ID) VALUES (61, 35, 3008);
INSERT INTO VIDEO_ACTORS (ROW_ID, ACTOR_ID, RECORDING_ID) VALUES (62, 315, 3008);
INSERT INTO VIDEO_ACTORS (ROW_ID, ACTOR_ID, RECORDING_ID) VALUES (63, 55, 3008);
INSERT INTO VIDEO_ACTORS (ROW_ID, ACTOR_ID, RECORDING_ID) VALUES (64, 306, 3009);
INSERT INTO VIDEO_ACTORS (ROW_ID, ACTOR_ID, RECORDING_ID) VALUES (65, 169, 3009);
INSERT INTO VIDEO_ACTORS (ROW_ID, ACTOR_ID, RECORDING_ID) VALUES (66, 14, 3009);
INSERT INTO VIDEO_ACTORS (ROW_ID, ACTOR_ID, RECORDING_ID) VALUES (67, 314, 3009);
INSERT INTO VIDEO_ACTORS (ROW_ID, ACTOR_ID, RECORDING_ID) VALUES (68, 304, 3009);
INSERT INTO VIDEO_ACTORS (ROW_ID, ACTOR_ID, RECORDING_ID) VALUES (69, 204, 3009);
INSERT INTO VIDEO_ACTORS (ROW_ID, ACTOR_ID, RECORDING_ID) VALUES (70, 309, 3009);
INSERT INTO VIDEO_ACTORS (ROW_ID, ACTOR_ID, RECORDING_ID) VALUES (71, 327, 3009);
INSERT INTO VIDEO_ACTORS (ROW_ID, ACTOR_ID, RECORDING_ID) VALUES (72, 212, 3009);
INSERT INTO VIDEO_ACTORS (ROW_ID, ACTOR_ID, RECORDING_ID) VALUES (73, 256, 3009);
INSERT INTO VIDEO_ACTORS (ROW_ID, ACTOR_ID, RECORDING_ID) VALUES (74, 154, 3009);
INSERT INTO VIDEO_ACTORS (ROW_ID, ACTOR_ID, RECORDING_ID) VALUES (75, 22, 3009);
INSERT INTO VIDEO_ACTORS (ROW_ID, ACTOR_ID, RECORDING_ID) VALUES (76, 127, 3009);
INSERT INTO VIDEO_ACTORS (ROW_ID, ACTOR_ID, RECORDING_ID) VALUES (77, 2, 3009);
INSERT INTO VIDEO_ACTORS (ROW_ID, ACTOR_ID, RECORDING_ID) VALUES (78, 215, 3010);
INSERT INTO VIDEO_ACTORS (ROW_ID, ACTOR_ID, RECORDING_ID) VALUES (79, 85, 3010);
INSERT INTO VIDEO_ACTORS (ROW_ID, ACTOR_ID, RECORDING_ID) VALUES (80, 214, 3010);
INSERT INTO VIDEO_ACTORS (ROW_ID, ACTOR_ID, RECORDING_ID) VALUES (81, 218, 3010);
INSERT INTO VIDEO_ACTORS (ROW_ID, ACTOR_ID, RECORDING_ID) VALUES (82, 261, 3010);
INSERT INTO VIDEO_ACTORS (ROW_ID, ACTOR_ID, RECORDING_ID) VALUES (83, 278, 3010);
INSERT INTO VIDEO_ACTORS (ROW_ID, ACTOR_ID, RECORDING_ID) VALUES (84, 86, 3010);
INSERT INTO VIDEO_ACTORS (ROW_ID, ACTOR_ID, RECORDING_ID) VALUES (85, 219, 3010);
INSERT INTO VIDEO_ACTORS (ROW_ID, ACTOR_ID, RECORDING_ID) VALUES (86, 242, 3010);
INSERT INTO VIDEO_ACTORS (ROW_ID, ACTOR_ID, RECORDING_ID) VALUES (87, 53, 3011);
INSERT INTO VIDEO_ACTORS (ROW_ID, ACTOR_ID, RECORDING_ID) VALUES (88, 264, 3011);
INSERT INTO VIDEO_ACTORS (ROW_ID, ACTOR_ID, RECORDING_ID) VALUES (89, 31, 3011);
INSERT INTO VIDEO_ACTORS (ROW_ID, ACTOR_ID, RECORDING_ID) VALUES (90, 213, 3011);
INSERT INTO VIDEO_ACTORS (ROW_ID, ACTOR_ID, RECORDING_ID) VALUES (91, 296, 3011);
INSERT INTO VIDEO_ACTORS (ROW_ID, ACTOR_ID, RECORDING_ID) VALUES (92, 254, 3012);
INSERT INTO VIDEO_ACTORS (ROW_ID, ACTOR_ID, RECORDING_ID) VALUES (93, 114, 3012);
INSERT INTO VIDEO_ACTORS (ROW_ID, ACTOR_ID, RECORDING_ID) VALUES (94, 116, 3012);
INSERT INTO VIDEO_ACTORS (ROW_ID, ACTOR_ID, RECORDING_ID) VALUES (95, 311, 3012);
INSERT INTO VIDEO_ACTORS (ROW_ID, ACTOR_ID, RECORDING_ID) VALUES (96, 252, 3012);
INSERT INTO VIDEO_ACTORS (ROW_ID, ACTOR_ID, RECORDING_ID) VALUES (97, 30, 3012);
INSERT INTO VIDEO_ACTORS (ROW_ID, ACTOR_ID, RECORDING_ID) VALUES (98, 291, 3012);
INSERT INTO VIDEO_ACTORS (ROW_ID, ACTOR_ID, RECORDING_ID) VALUES (99, 17, 3012);
INSERT INTO VIDEO_ACTORS (ROW_ID, ACTOR_ID, RECORDING_ID) VALUES (100, 98, 3012);
INSERT INTO VIDEO_ACTORS (ROW_ID, ACTOR_ID, RECORDING_ID) VALUES (101, 206, 3012);
INSERT INTO VIDEO_ACTORS (ROW_ID, ACTOR_ID, RECORDING_ID) VALUES (102, 7, 3013);
INSERT INTO VIDEO_ACTORS (ROW_ID, ACTOR_ID, RECORDING_ID) VALUES (103, 72, 3013);
INSERT INTO VIDEO_ACTORS (ROW_ID, ACTOR_ID, RECORDING_ID) VALUES (104, 67, 3013);
INSERT INTO VIDEO_ACTORS (ROW_ID, ACTOR_ID, RECORDING_ID) VALUES (105, 336, 3013);
INSERT INTO VIDEO_ACTORS (ROW_ID, ACTOR_ID, RECORDING_ID) VALUES (106, 285, 3013);
INSERT INTO VIDEO_ACTORS (ROW_ID, ACTOR_ID, RECORDING_ID) VALUES (107, 157, 3013);
INSERT INTO VIDEO_ACTORS (ROW_ID, ACTOR_ID, RECORDING_ID) VALUES (108, 268, 3013);
INSERT INTO VIDEO_ACTORS (ROW_ID, ACTOR_ID, RECORDING_ID) VALUES (109, 160, 3013);
INSERT INTO VIDEO_ACTORS (ROW_ID, ACTOR_ID, RECORDING_ID) VALUES (110, 267, 3014);
INSERT INTO VIDEO_ACTORS (ROW_ID, ACTOR_ID, RECORDING_ID) VALUES (111, 139, 3014);
INSERT INTO VIDEO_ACTORS (ROW_ID, ACTOR_ID, RECORDING_ID) VALUES (112, 176, 3014);
INSERT INTO VIDEO_ACTORS (ROW_ID, ACTOR_ID, RECORDING_ID) VALUES (113, 140, 3015);
INSERT INTO VIDEO_ACTORS (ROW_ID, ACTOR_ID, RECORDING_ID) VALUES (114, 135, 3015);
INSERT INTO VIDEO_ACTORS (ROW_ID, ACTOR_ID, RECORDING_ID) VALUES (115, 179, 3015);
INSERT INTO VIDEO_ACTORS (ROW_ID, ACTOR_ID, RECORDING_ID) VALUES (116, 164, 3015);
INSERT INTO VIDEO_ACTORS (ROW_ID, ACTOR_ID, RECORDING_ID) VALUES (117, 216, 3015);
INSERT INTO VIDEO_ACTORS (ROW_ID, ACTOR_ID, RECORDING_ID) VALUES (118, 49, 3015);
INSERT INTO VIDEO_ACTORS (ROW_ID, ACTOR_ID, RECORDING_ID) VALUES (119, 298, 3015);
INSERT INTO VIDEO_ACTORS (ROW_ID, ACTOR_ID, RECORDING_ID) VALUES (120, 221, 3016);
INSERT INTO VIDEO_ACTORS (ROW_ID, ACTOR_ID, RECORDING_ID) VALUES (121, 100, 3016);
INSERT INTO VIDEO_ACTORS (ROW_ID, ACTOR_ID, RECORDING_ID) VALUES (122, 299, 3016);
INSERT INTO VIDEO_ACTORS (ROW_ID, ACTOR_ID, RECORDING_ID) VALUES (123, 58, 3016);
INSERT INTO VIDEO_ACTORS (ROW_ID, ACTOR_ID, RECORDING_ID) VALUES (124, 43, 3016);
INSERT INTO VIDEO_ACTORS (ROW_ID, ACTOR_ID, RECORDING_ID) VALUES (125, 24, 3016);
INSERT INTO VIDEO_ACTORS (ROW_ID, ACTOR_ID, RECORDING_ID) VALUES (126, 156, 3016);
INSERT INTO VIDEO_ACTORS (ROW_ID, ACTOR_ID, RECORDING_ID) VALUES (127, 300, 3016);
INSERT INTO VIDEO_ACTORS (ROW_ID, ACTOR_ID, RECORDING_ID) VALUES (128, 262, 3017);
INSERT INTO VIDEO_ACTORS (ROW_ID, ACTOR_ID, RECORDING_ID) VALUES (129, 269, 3017);
INSERT INTO VIDEO_ACTORS (ROW_ID, ACTOR_ID, RECORDING_ID) VALUES (130, 245, 3017);
INSERT INTO VIDEO_ACTORS (ROW_ID, ACTOR_ID, RECORDING_ID) VALUES (131, 105, 3017);
INSERT INTO VIDEO_ACTORS (ROW_ID, ACTOR_ID, RECORDING_ID) VALUES (132, 260, 3017);
INSERT INTO VIDEO_ACTORS (ROW_ID, ACTOR_ID, RECORDING_ID) VALUES (133, 192, 3017);
INSERT INTO VIDEO_ACTORS (ROW_ID, ACTOR_ID, RECORDING_ID) VALUES (134, 147, 3018);
INSERT INTO VIDEO_ACTORS (ROW_ID, ACTOR_ID, RECORDING_ID) VALUES (135, 62, 3018);
INSERT INTO VIDEO_ACTORS (ROW_ID, ACTOR_ID, RECORDING_ID) VALUES (136, 120, 3018);
INSERT INTO VIDEO_ACTORS (ROW_ID, ACTOR_ID, RECORDING_ID) VALUES (137, 41, 3018);
INSERT INTO VIDEO_ACTORS (ROW_ID, ACTOR_ID, RECORDING_ID) VALUES (138, 249, 3018);
INSERT INTO VIDEO_ACTORS (ROW_ID, ACTOR_ID, RECORDING_ID) VALUES (139, 167, 3018);
INSERT INTO VIDEO_ACTORS (ROW_ID, ACTOR_ID, RECORDING_ID) VALUES (140, 46, 3018);
INSERT INTO VIDEO_ACTORS (ROW_ID, ACTOR_ID, RECORDING_ID) VALUES (141, 109, 3018);
INSERT INTO VIDEO_ACTORS (ROW_ID, ACTOR_ID, RECORDING_ID) VALUES (142, 289, 3018);
INSERT INTO VIDEO_ACTORS (ROW_ID, ACTOR_ID, RECORDING_ID) VALUES (143, 84, 3019);
INSERT INTO VIDEO_ACTORS (ROW_ID, ACTOR_ID, RECORDING_ID) VALUES (144, 118, 3019);
INSERT INTO VIDEO_ACTORS (ROW_ID, ACTOR_ID, RECORDING_ID) VALUES (145, 146, 3019);
INSERT INTO VIDEO_ACTORS (ROW_ID, ACTOR_ID, RECORDING_ID) VALUES (146, 119, 3019);
INSERT INTO VIDEO_ACTORS (ROW_ID, ACTOR_ID, RECORDING_ID) VALUES (147, 122, 3019);
INSERT INTO VIDEO_ACTORS (ROW_ID, ACTOR_ID, RECORDING_ID) VALUES (148, 276, 3020);
INSERT INTO VIDEO_ACTORS (ROW_ID, ACTOR_ID, RECORDING_ID) VALUES (149, 305, 3020);
INSERT INTO VIDEO_ACTORS (ROW_ID, ACTOR_ID, RECORDING_ID) VALUES (150, 190, 3020);
INSERT INTO VIDEO_ACTORS (ROW_ID, ACTOR_ID, RECORDING_ID) VALUES (151, 236, 3020);
INSERT INTO VIDEO_ACTORS (ROW_ID, ACTOR_ID, RECORDING_ID) VALUES (152, 138, 3020);
INSERT INTO VIDEO_ACTORS (ROW_ID, ACTOR_ID, RECORDING_ID) VALUES (153, 307, 3021);
INSERT INTO VIDEO_ACTORS (ROW_ID, ACTOR_ID, RECORDING_ID) VALUES (154, 263, 3021);
INSERT INTO VIDEO_ACTORS (ROW_ID, ACTOR_ID, RECORDING_ID) VALUES (155, 94, 3021);
INSERT INTO VIDEO_ACTORS (ROW_ID, ACTOR_ID, RECORDING_ID) VALUES (156, 223, 3021);
INSERT INTO VIDEO_ACTORS (ROW_ID, ACTOR_ID, RECORDING_ID) VALUES (157, 269, 3021);
INSERT INTO VIDEO_ACTORS (ROW_ID, ACTOR_ID, RECORDING_ID) VALUES (158, 240, 3022);
INSERT INTO VIDEO_ACTORS (ROW_ID, ACTOR_ID, RECORDING_ID) VALUES (159, 73, 3022);
INSERT INTO VIDEO_ACTORS (ROW_ID, ACTOR_ID, RECORDING_ID) VALUES (160, 328, 3022);
INSERT INTO VIDEO_ACTORS (ROW_ID, ACTOR_ID, RECORDING_ID) VALUES (161, 321, 3022);
INSERT INTO VIDEO_ACTORS (ROW_ID, ACTOR_ID, RECORDING_ID) VALUES (162, 255, 3022);
INSERT INTO VIDEO_ACTORS (ROW_ID, ACTOR_ID, RECORDING_ID) VALUES (163, 325, 3023);
INSERT INTO VIDEO_ACTORS (ROW_ID, ACTOR_ID, RECORDING_ID) VALUES (164, 56, 3023);
INSERT INTO VIDEO_ACTORS (ROW_ID, ACTOR_ID, RECORDING_ID) VALUES (165, 234, 3023);
INSERT INTO VIDEO_ACTORS (ROW_ID, ACTOR_ID, RECORDING_ID) VALUES (166, 106, 3023);
INSERT INTO VIDEO_ACTORS (ROW_ID, ACTOR_ID, RECORDING_ID) VALUES (167, 182, 3023);
INSERT INTO VIDEO_ACTORS (ROW_ID, ACTOR_ID, RECORDING_ID) VALUES (168, 302, 3023);
INSERT INTO VIDEO_ACTORS (ROW_ID, ACTOR_ID, RECORDING_ID) VALUES (169, 20, 3023);
INSERT INTO VIDEO_ACTORS (ROW_ID, ACTOR_ID, RECORDING_ID) VALUES (170, 262, 3024);
INSERT INTO VIDEO_ACTORS (ROW_ID, ACTOR_ID, RECORDING_ID) VALUES (171, 200, 3024);
INSERT INTO VIDEO_ACTORS (ROW_ID, ACTOR_ID, RECORDING_ID) VALUES (172, 25, 3024);
INSERT INTO VIDEO_ACTORS (ROW_ID, ACTOR_ID, RECORDING_ID) VALUES (173, 220, 3024);
INSERT INTO VIDEO_ACTORS (ROW_ID, ACTOR_ID, RECORDING_ID) VALUES (174, 287, 3024);
INSERT INTO VIDEO_ACTORS (ROW_ID, ACTOR_ID, RECORDING_ID) VALUES (175, 47, 3024);
INSERT INTO VIDEO_ACTORS (ROW_ID, ACTOR_ID, RECORDING_ID) VALUES (176, 57, 3024);
INSERT INTO VIDEO_ACTORS (ROW_ID, ACTOR_ID, RECORDING_ID) VALUES (177, 153, 3024);
INSERT INTO VIDEO_ACTORS (ROW_ID, ACTOR_ID, RECORDING_ID) VALUES (178, 130, 3025);
INSERT INTO VIDEO_ACTORS (ROW_ID, ACTOR_ID, RECORDING_ID) VALUES (179, 312, 3025);
INSERT INTO VIDEO_ACTORS (ROW_ID, ACTOR_ID, RECORDING_ID) VALUES (180, 313, 3025);
INSERT INTO VIDEO_ACTORS (ROW_ID, ACTOR_ID, RECORDING_ID) VALUES (181, 250, 3025);
INSERT INTO VIDEO_ACTORS (ROW_ID, ACTOR_ID, RECORDING_ID) VALUES (182, 145, 3025);
INSERT INTO VIDEO_ACTORS (ROW_ID, ACTOR_ID, RECORDING_ID) VALUES (183, 265, 3025);
INSERT INTO VIDEO_ACTORS (ROW_ID, ACTOR_ID, RECORDING_ID) VALUES (184, 274, 3026);
INSERT INTO VIDEO_ACTORS (ROW_ID, ACTOR_ID, RECORDING_ID) VALUES (185, 225, 3026);
INSERT INTO VIDEO_ACTORS (ROW_ID, ACTOR_ID, RECORDING_ID) VALUES (186, 50, 3026);
INSERT INTO VIDEO_ACTORS (ROW_ID, ACTOR_ID, RECORDING_ID) VALUES (187, 186, 3026);
INSERT INTO VIDEO_ACTORS (ROW_ID, ACTOR_ID, RECORDING_ID) VALUES (188, 304, 3027);
INSERT INTO VIDEO_ACTORS (ROW_ID, ACTOR_ID, RECORDING_ID) VALUES (189, 222, 3027);
INSERT INTO VIDEO_ACTORS (ROW_ID, ACTOR_ID, RECORDING_ID) VALUES (190, 34, 3027);
INSERT INTO VIDEO_ACTORS (ROW_ID, ACTOR_ID, RECORDING_ID) VALUES (191, 333, 3027);
INSERT INTO VIDEO_ACTORS (ROW_ID, ACTOR_ID, RECORDING_ID) VALUES (192, 128, 3027);
INSERT INTO VIDEO_ACTORS (ROW_ID, ACTOR_ID, RECORDING_ID) VALUES (193, 99, 3027);
INSERT INTO VIDEO_ACTORS (ROW_ID, ACTOR_ID, RECORDING_ID) VALUES (194, 316, 3028);
INSERT INTO VIDEO_ACTORS (ROW_ID, ACTOR_ID, RECORDING_ID) VALUES (195, 324, 3028);
INSERT INTO VIDEO_ACTORS (ROW_ID, ACTOR_ID, RECORDING_ID) VALUES (196, 227, 3028);
INSERT INTO VIDEO_ACTORS (ROW_ID, ACTOR_ID, RECORDING_ID) VALUES (197, 113, 3028);
INSERT INTO VIDEO_ACTORS (ROW_ID, ACTOR_ID, RECORDING_ID) VALUES (198, 208, 3028);
INSERT INTO VIDEO_ACTORS (ROW_ID, ACTOR_ID, RECORDING_ID) VALUES (199, 181, 3029);
INSERT INTO VIDEO_ACTORS (ROW_ID, ACTOR_ID, RECORDING_ID) VALUES (200, 166, 3029);
INSERT INTO VIDEO_ACTORS (ROW_ID, ACTOR_ID, RECORDING_ID) VALUES (201, 33, 3029);
INSERT INTO VIDEO_ACTORS (ROW_ID, ACTOR_ID, RECORDING_ID) VALUES (202, 168, 3029);
INSERT INTO VIDEO_ACTORS (ROW_ID, ACTOR_ID, RECORDING_ID) VALUES (203, 87, 3029);
INSERT INTO VIDEO_ACTORS (ROW_ID, ACTOR_ID, RECORDING_ID) VALUES (204, 27, 3029);
INSERT INTO VIDEO_ACTORS (ROW_ID, ACTOR_ID, RECORDING_ID) VALUES (205, 158, 3029);
INSERT INTO VIDEO_ACTORS (ROW_ID, ACTOR_ID, RECORDING_ID) VALUES (206, 64, 3029);
INSERT INTO VIDEO_ACTORS (ROW_ID, ACTOR_ID, RECORDING_ID) VALUES (207, 69, 3029);
INSERT INTO VIDEO_ACTORS (ROW_ID, ACTOR_ID, RECORDING_ID) VALUES (208, 322, 3030);
INSERT INTO VIDEO_ACTORS (ROW_ID, ACTOR_ID, RECORDING_ID) VALUES (209, 310, 3030);
INSERT INTO VIDEO_ACTORS (ROW_ID, ACTOR_ID, RECORDING_ID) VALUES (210, 316, 3030);
INSERT INTO VIDEO_ACTORS (ROW_ID, ACTOR_ID, RECORDING_ID) VALUES (211, 334, 3030);
INSERT INTO VIDEO_ACTORS (ROW_ID, ACTOR_ID, RECORDING_ID) VALUES (212, 165, 3030);
INSERT INTO VIDEO_ACTORS (ROW_ID, ACTOR_ID, RECORDING_ID) VALUES (213, 282, 3031);
INSERT INTO VIDEO_ACTORS (ROW_ID, ACTOR_ID, RECORDING_ID) VALUES (214, 155, 3031);
INSERT INTO VIDEO_ACTORS (ROW_ID, ACTOR_ID, RECORDING_ID) VALUES (215, 332, 3031);
INSERT INTO VIDEO_ACTORS (ROW_ID, ACTOR_ID, RECORDING_ID) VALUES (216, 224, 3031);
INSERT INTO VIDEO_ACTORS (ROW_ID, ACTOR_ID, RECORDING_ID) VALUES (217, 246, 3031);
INSERT INTO VIDEO_ACTORS (ROW_ID, ACTOR_ID, RECORDING_ID) VALUES (218, 9, 3031);
INSERT INTO VIDEO_ACTORS (ROW_ID, ACTOR_ID, RECORDING_ID) VALUES (219, 29, 3031);
INSERT INTO VIDEO_ACTORS (ROW_ID, ACTOR_ID, RECORDING_ID) VALUES (220, 235, 3031);
INSERT INTO VIDEO_ACTORS (ROW_ID, ACTOR_ID, RECORDING_ID) VALUES (221, 292, 3031);
INSERT INTO VIDEO_ACTORS (ROW_ID, ACTOR_ID, RECORDING_ID) VALUES (222, 286, 3031);
INSERT INTO VIDEO_ACTORS (ROW_ID, ACTOR_ID, RECORDING_ID) VALUES (223, 4, 3032);
INSERT INTO VIDEO_ACTORS (ROW_ID, ACTOR_ID, RECORDING_ID) VALUES (224, 28, 3032);
INSERT INTO VIDEO_ACTORS (ROW_ID, ACTOR_ID, RECORDING_ID) VALUES (225, 171, 3032);
INSERT INTO VIDEO_ACTORS (ROW_ID, ACTOR_ID, RECORDING_ID) VALUES (226, 132, 3032);
INSERT INTO VIDEO_ACTORS (ROW_ID, ACTOR_ID, RECORDING_ID) VALUES (227, 168, 3033);
INSERT INTO VIDEO_ACTORS (ROW_ID, ACTOR_ID, RECORDING_ID) VALUES (228, 121, 3033);
INSERT INTO VIDEO_ACTORS (ROW_ID, ACTOR_ID, RECORDING_ID) VALUES (229, 253, 3033);
INSERT INTO VIDEO_ACTORS (ROW_ID, ACTOR_ID, RECORDING_ID) VALUES (230, 89, 3033);
INSERT INTO VIDEO_ACTORS (ROW_ID, ACTOR_ID, RECORDING_ID) VALUES (231, 178, 3033);
INSERT INTO VIDEO_ACTORS (ROW_ID, ACTOR_ID, RECORDING_ID) VALUES (232, 90, 3034);
INSERT INTO VIDEO_ACTORS (ROW_ID, ACTOR_ID, RECORDING_ID) VALUES (233, 61, 3034);
INSERT INTO VIDEO_ACTORS (ROW_ID, ACTOR_ID, RECORDING_ID) VALUES (234, 74, 3034);
INSERT INTO VIDEO_ACTORS (ROW_ID, ACTOR_ID, RECORDING_ID) VALUES (235, 217, 3034);
INSERT INTO VIDEO_ACTORS (ROW_ID, ACTOR_ID, RECORDING_ID) VALUES (236, 60, 3035);
INSERT INTO VIDEO_ACTORS (ROW_ID, ACTOR_ID, RECORDING_ID) VALUES (237, 78, 3035);
INSERT INTO VIDEO_ACTORS (ROW_ID, ACTOR_ID, RECORDING_ID) VALUES (238, 233, 3035);
INSERT INTO VIDEO_ACTORS (ROW_ID, ACTOR_ID, RECORDING_ID) VALUES (239, 107, 3035);
INSERT INTO VIDEO_ACTORS (ROW_ID, ACTOR_ID, RECORDING_ID) VALUES (240, 142, 3035);
INSERT INTO VIDEO_ACTORS (ROW_ID, ACTOR_ID, RECORDING_ID) VALUES (241, 16, 3036);
INSERT INTO VIDEO_ACTORS (ROW_ID, ACTOR_ID, RECORDING_ID) VALUES (242, 131, 3036);
INSERT INTO VIDEO_ACTORS (ROW_ID, ACTOR_ID, RECORDING_ID) VALUES (243, 196, 3036);
INSERT INTO VIDEO_ACTORS (ROW_ID, ACTOR_ID, RECORDING_ID) VALUES (244, 318, 3036);
INSERT INTO VIDEO_ACTORS (ROW_ID, ACTOR_ID, RECORDING_ID) VALUES (245, 150, 3036);
INSERT INTO VIDEO_ACTORS (ROW_ID, ACTOR_ID, RECORDING_ID) VALUES (246, 152, 3036);
INSERT INTO VIDEO_ACTORS (ROW_ID, ACTOR_ID, RECORDING_ID) VALUES (247, 281, 3036);
INSERT INTO VIDEO_ACTORS (ROW_ID, ACTOR_ID, RECORDING_ID) VALUES (248, 317, 3036);
INSERT INTO VIDEO_ACTORS (ROW_ID, ACTOR_ID, RECORDING_ID) VALUES (249, 226, 3037);
INSERT INTO VIDEO_ACTORS (ROW_ID, ACTOR_ID, RECORDING_ID) VALUES (250, 81, 3037);
INSERT INTO VIDEO_ACTORS (ROW_ID, ACTOR_ID, RECORDING_ID) VALUES (251, 59, 3037);
INSERT INTO VIDEO_ACTORS (ROW_ID, ACTOR_ID, RECORDING_ID) VALUES (252, 283, 3037);
INSERT INTO VIDEO_ACTORS (ROW_ID, ACTOR_ID, RECORDING_ID) VALUES (253, 65, 3037);
INSERT INTO VIDEO_ACTORS (ROW_ID, ACTOR_ID, RECORDING_ID) VALUES (254, 201, 3037);
INSERT INTO VIDEO_ACTORS (ROW_ID, ACTOR_ID, RECORDING_ID) VALUES (255, 266, 3037);
INSERT INTO VIDEO_ACTORS (ROW_ID, ACTOR_ID, RECORDING_ID) VALUES (256, 187, 3037);
INSERT INTO VIDEO_ACTORS (ROW_ID, ACTOR_ID, RECORDING_ID) VALUES (257, 110, 3037);
INSERT INTO VIDEO_ACTORS (ROW_ID, ACTOR_ID, RECORDING_ID) VALUES (258, 161, 3037);
INSERT INTO VIDEO_ACTORS (ROW_ID, ACTOR_ID, RECORDING_ID) VALUES (259, 88, 3037);
INSERT INTO VIDEO_ACTORS (ROW_ID, ACTOR_ID, RECORDING_ID) VALUES (260, 185, 3037);
INSERT INTO VIDEO_ACTORS (ROW_ID, ACTOR_ID, RECORDING_ID) VALUES (261, 308, 3038);
INSERT INTO VIDEO_ACTORS (ROW_ID, ACTOR_ID, RECORDING_ID) VALUES (262, 280, 3038);
INSERT INTO VIDEO_ACTORS (ROW_ID, ACTOR_ID, RECORDING_ID) VALUES (263, 112, 3038);
INSERT INTO VIDEO_ACTORS (ROW_ID, ACTOR_ID, RECORDING_ID) VALUES (264, 151, 3038);
INSERT INTO VIDEO_ACTORS (ROW_ID, ACTOR_ID, RECORDING_ID) VALUES (265, 104, 3038);
INSERT INTO VIDEO_ACTORS (ROW_ID, ACTOR_ID, RECORDING_ID) VALUES (266, 319, 3038);
INSERT INTO VIDEO_ACTORS (ROW_ID, ACTOR_ID, RECORDING_ID) VALUES (267, 335, 3038);
INSERT INTO VIDEO_ACTORS (ROW_ID, ACTOR_ID, RECORDING_ID) VALUES (268, 191, 3039);
INSERT INTO VIDEO_ACTORS (ROW_ID, ACTOR_ID, RECORDING_ID) VALUES (269, 237, 3039);
INSERT INTO VIDEO_ACTORS (ROW_ID, ACTOR_ID, RECORDING_ID) VALUES (270, 3, 3039);
INSERT INTO VIDEO_ACTORS (ROW_ID, ACTOR_ID, RECORDING_ID) VALUES (271, 19, 3039);
INSERT INTO VIDEO_ACTORS (ROW_ID, ACTOR_ID, RECORDING_ID) VALUES (272, 125, 3039);
INSERT INTO VIDEO_ACTORS (ROW_ID, ACTOR_ID, RECORDING_ID) VALUES (273, 207, 3039);
INSERT INTO VIDEO_ACTORS (ROW_ID, ACTOR_ID, RECORDING_ID) VALUES (274, 326, 3039);
INSERT INTO VIDEO_ACTORS (ROW_ID, ACTOR_ID, RECORDING_ID) VALUES (275, 42, 3039);
INSERT INTO VIDEO_ACTORS (ROW_ID, ACTOR_ID, RECORDING_ID) VALUES (276, 149, 3039);
INSERT INTO VIDEO_ACTORS (ROW_ID, ACTOR_ID, RECORDING_ID) VALUES (277, 143, 3040);
INSERT INTO VIDEO_ACTORS (ROW_ID, ACTOR_ID, RECORDING_ID) VALUES (278, 202, 3040);
INSERT INTO VIDEO_ACTORS (ROW_ID, ACTOR_ID, RECORDING_ID) VALUES (279, 129, 3040);
INSERT INTO VIDEO_ACTORS (ROW_ID, ACTOR_ID, RECORDING_ID) VALUES (280, 151, 3040);
INSERT INTO VIDEO_ACTORS (ROW_ID, ACTOR_ID, RECORDING_ID) VALUES (281, 309, 3040);
INSERT INTO VIDEO_ACTORS (ROW_ID, ACTOR_ID, RECORDING_ID) VALUES (282, 10, 3040);
INSERT INTO VIDEO_ACTORS (ROW_ID, ACTOR_ID, RECORDING_ID) VALUES (283, 257, 3040);
INSERT INTO VIDEO_ACTORS (ROW_ID, ACTOR_ID, RECORDING_ID) VALUES (284, 330, 3040);
INSERT INTO VIDEO_ACTORS (ROW_ID, ACTOR_ID, RECORDING_ID) VALUES (285, 96, 3040);
INSERT INTO VIDEO_ACTORS (ROW_ID, ACTOR_ID, RECORDING_ID) VALUES (286, 137, 3040);
INSERT INTO VIDEO_ACTORS (ROW_ID, ACTOR_ID, RECORDING_ID) VALUES (287, 175, 3041);
INSERT INTO VIDEO_ACTORS (ROW_ID, ACTOR_ID, RECORDING_ID) VALUES (288, 159, 3041);
INSERT INTO VIDEO_ACTORS (ROW_ID, ACTOR_ID, RECORDING_ID) VALUES (289, 70, 3041);
INSERT INTO VIDEO_ACTORS (ROW_ID, ACTOR_ID, RECORDING_ID) VALUES (290, 36, 3041);
INSERT INTO VIDEO_ACTORS (ROW_ID, ACTOR_ID, RECORDING_ID) VALUES (291, 290, 3041);
INSERT INTO VIDEO_ACTORS (ROW_ID, ACTOR_ID, RECORDING_ID) VALUES (292, 170, 3041);
INSERT INTO VIDEO_ACTORS (ROW_ID, ACTOR_ID, RECORDING_ID) VALUES (293, 239, 3041);
INSERT INTO VIDEO_ACTORS (ROW_ID, ACTOR_ID, RECORDING_ID) VALUES (294, 277, 3041);
INSERT INTO VIDEO_ACTORS (ROW_ID, ACTOR_ID, RECORDING_ID) VALUES (295, 188, 3041);
INSERT INTO VIDEO_ACTORS (ROW_ID, ACTOR_ID, RECORDING_ID) VALUES (296, 117, 3041);
INSERT INTO VIDEO_ACTORS (ROW_ID, ACTOR_ID, RECORDING_ID) VALUES (297, 229, 3042);
INSERT INTO VIDEO_ACTORS (ROW_ID, ACTOR_ID, RECORDING_ID) VALUES (298, 232, 3042);
INSERT INTO VIDEO_ACTORS (ROW_ID, ACTOR_ID, RECORDING_ID) VALUES (299, 108, 3042);
INSERT INTO VIDEO_ACTORS (ROW_ID, ACTOR_ID, RECORDING_ID) VALUES (300, 52, 3042);
INSERT INTO VIDEO_ACTORS (ROW_ID, ACTOR_ID, RECORDING_ID) VALUES (301, 228, 3042);
INSERT INTO VIDEO_ACTORS (ROW_ID, ACTOR_ID, RECORDING_ID) VALUES (302, 184, 3042);
INSERT INTO VIDEO_ACTORS (ROW_ID, ACTOR_ID, RECORDING_ID) VALUES (303, 271, 3043);
INSERT INTO VIDEO_ACTORS (ROW_ID, ACTOR_ID, RECORDING_ID) VALUES (304, 177, 3043);
INSERT INTO VIDEO_ACTORS (ROW_ID, ACTOR_ID, RECORDING_ID) VALUES (305, 251, 3043);
INSERT INTO VIDEO_ACTORS (ROW_ID, ACTOR_ID, RECORDING_ID) VALUES (306, 136, 3043);
INSERT INTO VIDEO_ACTORS (ROW_ID, ACTOR_ID, RECORDING_ID) VALUES (307, 272, 3043);
INSERT INTO VIDEO_ACTORS (ROW_ID, ACTOR_ID, RECORDING_ID) VALUES (308, 239, 3044);
INSERT INTO VIDEO_ACTORS (ROW_ID, ACTOR_ID, RECORDING_ID) VALUES (309, 123, 3044);
INSERT INTO VIDEO_ACTORS (ROW_ID, ACTOR_ID, RECORDING_ID) VALUES (310, 8, 3044);
INSERT INTO VIDEO_ACTORS (ROW_ID, ACTOR_ID, RECORDING_ID) VALUES (311, 38, 3044);
INSERT INTO VIDEO_ACTORS (ROW_ID, ACTOR_ID, RECORDING_ID) VALUES (312, 241, 3044);
INSERT INTO VIDEO_ACTORS (ROW_ID, ACTOR_ID, RECORDING_ID) VALUES (313, 183, 3044);
INSERT INTO VIDEO_ACTORS (ROW_ID, ACTOR_ID, RECORDING_ID) VALUES (314, 210, 3044);
INSERT INTO VIDEO_ACTORS (ROW_ID, ACTOR_ID, RECORDING_ID) VALUES (315, 95, 3044);
INSERT INTO VIDEO_ACTORS (ROW_ID, ACTOR_ID, RECORDING_ID) VALUES (316, 194, 3045);
INSERT INTO VIDEO_ACTORS (ROW_ID, ACTOR_ID, RECORDING_ID) VALUES (317, 46, 3045);
INSERT INTO VIDEO_ACTORS (ROW_ID, ACTOR_ID, RECORDING_ID) VALUES (318, 102, 3045);
INSERT INTO VIDEO_ACTORS (ROW_ID, ACTOR_ID, RECORDING_ID) VALUES (319, 6, 3045);
INSERT INTO VIDEO_ACTORS (ROW_ID, ACTOR_ID, RECORDING_ID) VALUES (320, 13, 3045);
INSERT INTO VIDEO_ACTORS (ROW_ID, ACTOR_ID, RECORDING_ID) VALUES (321, 134, 3046);
INSERT INTO VIDEO_ACTORS (ROW_ID, ACTOR_ID, RECORDING_ID) VALUES (322, 69, 3046);
INSERT INTO VIDEO_ACTORS (ROW_ID, ACTOR_ID, RECORDING_ID) VALUES (323, 40, 3046);
INSERT INTO VIDEO_ACTORS (ROW_ID, ACTOR_ID, RECORDING_ID) VALUES (324, 54, 3046);
INSERT INTO VIDEO_ACTORS (ROW_ID, ACTOR_ID, RECORDING_ID) VALUES (325, 21, 3046);
INSERT INTO VIDEO_ACTORS (ROW_ID, ACTOR_ID, RECORDING_ID) VALUES (326, 63, 3046);
INSERT INTO VIDEO_ACTORS (ROW_ID, ACTOR_ID, RECORDING_ID) VALUES (327, 279, 3047);
INSERT INTO VIDEO_ACTORS (ROW_ID, ACTOR_ID, RECORDING_ID) VALUES (328, 51, 3047);
INSERT INTO VIDEO_ACTORS (ROW_ID, ACTOR_ID, RECORDING_ID) VALUES (329, 115, 3047);
INSERT INTO VIDEO_ACTORS (ROW_ID, ACTOR_ID, RECORDING_ID) VALUES (330, 168, 3047);
INSERT INTO VIDEO_ACTORS (ROW_ID, ACTOR_ID, RECORDING_ID) VALUES (331, 211, 3048);
INSERT INTO VIDEO_ACTORS (ROW_ID, ACTOR_ID, RECORDING_ID) VALUES (332, 73, 3048);
INSERT INTO VIDEO_ACTORS (ROW_ID, ACTOR_ID, RECORDING_ID) VALUES (333, 79, 3048);
INSERT INTO VIDEO_ACTORS (ROW_ID, ACTOR_ID, RECORDING_ID) VALUES (334, 45, 3048);
INSERT INTO VIDEO_ACTORS (ROW_ID, ACTOR_ID, RECORDING_ID) VALUES (335, 76, 3048);
INSERT INTO VIDEO_ACTORS (ROW_ID, ACTOR_ID, RECORDING_ID) VALUES (336, 5, 3049);
INSERT INTO VIDEO_ACTORS (ROW_ID, ACTOR_ID, RECORDING_ID) VALUES (337, 231, 3049);
INSERT INTO VIDEO_ACTORS (ROW_ID, ACTOR_ID, RECORDING_ID) VALUES (338, 32, 3049);
INSERT INTO VIDEO_ACTORS (ROW_ID, ACTOR_ID, RECORDING_ID) VALUES (339, 244, 3049);
INSERT INTO VIDEO_ACTORS (ROW_ID, ACTOR_ID, RECORDING_ID) VALUES (340, 162, 3049);
INSERT INTO VIDEO_ACTORS (ROW_ID, ACTOR_ID, RECORDING_ID) VALUES (341, 23, 3049);
INSERT INTO VIDEO_ACTORS (ROW_ID, ACTOR_ID, RECORDING_ID) VALUES (342, 12, 3049);
INSERT INTO VIDEO_ACTORS (ROW_ID, ACTOR_ID, RECORDING_ID) VALUES (343, 97, 3049);
INSERT INTO VIDEO_ACTORS (ROW_ID, ACTOR_ID, RECORDING_ID) VALUES (344, 37, 3050);
INSERT INTO VIDEO_ACTORS (ROW_ID, ACTOR_ID, RECORDING_ID) VALUES (345, 222, 3050);
INSERT INTO VIDEO_ACTORS (ROW_ID, ACTOR_ID, RECORDING_ID) VALUES (346, 101, 3050);
INSERT INTO VIDEO_ACTORS (ROW_ID, ACTOR_ID, RECORDING_ID) VALUES (347, 173, 3050);
INSERT INTO VIDEO_ACTORS (ROW_ID, ACTOR_ID, RECORDING_ID) VALUES (348, 306, 3051);
INSERT INTO VIDEO_ACTORS (ROW_ID, ACTOR_ID, RECORDING_ID) VALUES (349, 133, 3051);
INSERT INTO VIDEO_ACTORS (ROW_ID, ACTOR_ID, RECORDING_ID) VALUES (350, 82, 3051);
INSERT INTO VIDEO_ACTORS (ROW_ID, ACTOR_ID, RECORDING_ID) VALUES (351, 111, 3051);
INSERT INTO VIDEO_ACTORS (ROW_ID, ACTOR_ID, RECORDING_ID) VALUES (352, 68, 3051);
INSERT INTO VIDEO_ACTORS (ROW_ID, ACTOR_ID, RECORDING_ID) VALUES (353, 93, 3051);
INSERT INTO VIDEO_ACTORS (ROW_ID, ACTOR_ID, RECORDING_ID) VALUES (354, 211, 3052);
INSERT INTO VIDEO_ACTORS (ROW_ID, ACTOR_ID, RECORDING_ID) VALUES (355, 276, 3052);
INSERT INTO VIDEO_ACTORS (ROW_ID, ACTOR_ID, RECORDING_ID) VALUES (356, 71, 3052);
INSERT INTO VIDEO_ACTORS (ROW_ID, ACTOR_ID, RECORDING_ID) VALUES (357, 126, 3052);
INSERT INTO VIDEO_ACTORS (ROW_ID, ACTOR_ID, RECORDING_ID) VALUES (358, 11, 3052);
INSERT INTO VIDEO_ACTORS (ROW_ID, ACTOR_ID, RECORDING_ID) VALUES (359, 243, 3052);
INSERT INTO VIDEO_ACTORS (ROW_ID, ACTOR_ID, RECORDING_ID) VALUES (360, 143, 3053);
INSERT INTO VIDEO_ACTORS (ROW_ID, ACTOR_ID, RECORDING_ID) VALUES (361, 15, 3053);
INSERT INTO VIDEO_ACTORS (ROW_ID, ACTOR_ID, RECORDING_ID) VALUES (362, 273, 3053);
INSERT INTO VIDEO_ACTORS (ROW_ID, ACTOR_ID, RECORDING_ID) VALUES (363, 297, 3053);
INSERT INTO VIDEO_ACTORS (ROW_ID, ACTOR_ID, RECORDING_ID) VALUES (364, 77, 3053);
INSERT INTO VIDEO_ACTORS (ROW_ID, ACTOR_ID, RECORDING_ID) VALUES (365, 39, 3053);
INSERT INTO VIDEO_ACTORS (ROW_ID, ACTOR_ID, RECORDING_ID) VALUES (366, 92, 3054);
INSERT INTO VIDEO_ACTORS (ROW_ID, ACTOR_ID, RECORDING_ID) VALUES (367, 173, 3054);
INSERT INTO VIDEO_ACTORS (ROW_ID, ACTOR_ID, RECORDING_ID) VALUES (368, 288, 3054);
INSERT INTO VIDEO_ACTORS (ROW_ID, ACTOR_ID, RECORDING_ID) VALUES (369, 51, 3054);
INSERT INTO VIDEO_ACTORS (ROW_ID, ACTOR_ID, RECORDING_ID) VALUES (370, 172, 3054);
INSERT INTO VIDEO_ACTORS (ROW_ID, ACTOR_ID, RECORDING_ID) VALUES (371, 26, 3054);
